mapsCompleted,reducesCompleted,mapProgress,reduceProgress,mapsTotal,reducesTotal,mapsPending,reducesPending,mapsRunning,reducesRunning,startTime,responseTimeSec,finishTime,jobId,timestamp
,,,,,,,,,,,,,application_1726669773678_0040,2024-09-20T16:17:24
,,,,,,,,,,,,,application_1726669773678_0040,2024-09-20T16:17:26
,,,,,,,,,,,,,application_1726669773678_0040,2024-09-20T16:17:28
,,,,,,,,,,,,,application_1726669773678_0040,2024-09-20T16:17:30
,,,,,,,,,,,,,application_1726669773678_0040,2024-09-20T16:17:32
,,,,,,,,,,,,,application_1726669773678_0040,2024-09-20T16:17:34
,,,,,,,,,,,,,application_1726669773678_0040,2024-09-20T16:17:36
,,,,,,,,,,,,,application_1726669773678_0040,2024-09-20T16:17:38
,,,,,,,,,,,,,application_1726669773678_0040,2024-09-20T16:17:40
,,,,,,,,,,,,,application_1726669773678_0040,2024-09-20T16:17:42
,,,,,,,,,,,,,application_1726669773678_0040,2024-09-20T16:17:44
,,,,,,,,,,,,,application_1726669773678_0040,2024-09-20T16:17:46
,,,,,,,,,,,,,application_1726669773678_0040,2024-09-20T16:17:48
,,,,,,,,,,,,,application_1726669773678_0040,2024-09-20T16:17:50
,,,,,,,,,,,,,application_1726669773678_0040,2024-09-20T16:17:52
,,,,,,,,,,,,,application_1726669773678_0040,2024-09-20T16:17:54
,,,,,,,,,,,,,application_1726669773678_0040,2024-09-20T16:17:56
,,,,,,,,,,,,,application_1726669773678_0040,2024-09-20T16:17:58
,,,,,,,,,,,,,application_1726669773678_0040,2024-09-20T16:18:00
,,,,,,,,,,,,,application_1726669773678_0040,2024-09-20T16:18:02
,,,,,,,,,,,,,application_1726669773678_0041,2024-09-20T16:19:18
,,,,,,,,,,,,,application_1726669773678_0041,2024-09-20T16:19:20
,,,,,,,,,,,,,application_1726669773678_0041,2024-09-20T16:19:22
,,,,,,,,,,,,,application_1726669773678_0041,2024-09-20T16:19:24
,,,,,,,,,,,,,application_1726669773678_0041,2024-09-20T16:19:26
,,,,,,,,,,,,,application_1726669773678_0041,2024-09-20T16:19:28
,,,,,,,,,,,,,application_1726669773678_0041,2024-09-20T16:19:30
,,,,,,,,,,,,,application_1726669773678_0041,2024-09-20T16:19:32
,,,,,,,,,,,,,application_1726669773678_0041,2024-09-20T16:19:34
,,,,,,,,,,,,,application_1726669773678_0041,2024-09-20T16:19:36
,,,,,,,,,,,,,application_1726669773678_0041,2024-09-20T16:19:38
,,,,,,,,,,,,,application_1726669773678_0041,2024-09-20T16:19:40
,,,,,,,,,,,,,application_1726669773678_0041,2024-09-20T16:19:42
,,,,,,,,,,,,,application_1726669773678_0041,2024-09-20T16:19:44
,,,,,,,,,,,,,application_1726669773678_0041,2024-09-20T16:19:46
,,,,,,,,,,,,,application_1726669773678_0041,2024-09-20T16:19:48
,,,,,,,,,,,,,application_1726669773678_0041,2024-09-20T16:19:51
,,,,,,,,,,,,,application_1726669773678_0041,2024-09-20T16:19:53
,,,,,,,,,,,,,application_1726669773678_0041,2024-09-20T16:19:55
,,,,,,,,,,,,,application_1726669773678_0041,2024-09-20T16:19:57
,,,,,,,,,,,,,application_1726669773678_0041,2024-09-20T16:19:59
,,,,,,,,,,,,,application_1726669773678_0041,2024-09-20T16:20:01
,,,,,,,,,,,,,application_1726669773678_0041,2024-09-20T16:20:03
,,,,,,,,,,,,,application_1726669773678_0041,2024-09-20T16:20:05
,,,,,,,,,,,,,application_1726669773678_0042,2024-09-20T16:21:19
,,,,,,,,,,,,,application_1726669773678_0042,2024-09-20T16:21:21
,,,,,,,,,,,,,application_1726669773678_0042,2024-09-20T16:21:23
,,,,,,,,,,,,,application_1726669773678_0042,2024-09-20T16:21:25
,,,,,,,,,,,,,application_1726669773678_0042,2024-09-20T16:21:27
,,,,,,,,,,,,,application_1726669773678_0042,2024-09-20T16:21:29
,,,,,,,,,,,,,application_1726669773678_0042,2024-09-20T16:21:31
,,,,,,,,,,,,,application_1726669773678_0042,2024-09-20T16:21:33
,,,,,,,,,,,,,application_1726669773678_0042,2024-09-20T16:21:35
,,,,,,,,,,,,,application_1726669773678_0042,2024-09-20T16:21:37
,,,,,,,,,,,,,application_1726669773678_0042,2024-09-20T16:21:39
,,,,,,,,,,,,,application_1726669773678_0042,2024-09-20T16:21:41
,,,,,,,,,,,,,application_1726669773678_0042,2024-09-20T16:21:43
,,,,,,,,,,,,,application_1726669773678_0042,2024-09-20T16:21:45
,,,,,,,,,,,,,application_1726669773678_0042,2024-09-20T16:21:47
,,,,,,,,,,,,,application_1726669773678_0042,2024-09-20T16:21:49
,,,,,,,,,,,,,application_1726669773678_0042,2024-09-20T16:21:51
,,,,,,,,,,,,,application_1726669773678_0042,2024-09-20T16:21:53
,,,,,,,,,,,,,application_1726669773678_0042,2024-09-20T16:21:55
,,,,,,,,,,,,,application_1726669773678_0042,2024-09-20T16:21:57
,,,,,,,,,,,,,application_1726669773678_0042,2024-09-20T16:21:59
,,,,,,,,,,,,,application_1726669773678_0042,2024-09-20T16:22:01
,,,,,,,,,,,,,application_1726669773678_0042,2024-09-20T16:22:03
,,,,,,,,,,,,,application_1726669773678_0042,2024-09-20T16:22:05
,,,,,,,,,,,,,application_1726669773678_0042,2024-09-20T16:22:07
,,,,,,,,,,,,,application_1726669773678_0042,2024-09-20T16:22:09
,,,,,,,,,,,,,application_1726669773678_0042,2024-09-20T16:22:11
,,,,,,,,,,,,,application_1726669773678_0042,2024-09-20T16:22:13
,,,,,,,,,,,,,application_1726669773678_0042,2024-09-20T16:22:15
,,,,,,,,,,,,,application_1726669773678_0042,2024-09-20T16:22:17
,,,,,,,,,,,,,application_1726669773678_0042,2024-09-20T16:22:19
,,,,,,,,,,,,,application_1726669773678_0042,2024-09-20T16:22:21
,,,,,,,,,,,,,application_1726669773678_0043,2024-09-20T16:23:38
,,,,,,,,,,,,,application_1726669773678_0043,2024-09-20T16:23:40
,,,,,,,,,,,,,application_1726669773678_0043,2024-09-20T16:23:42
,,,,,,,,,,,,,application_1726669773678_0043,2024-09-20T16:23:44
,,,,,,,,,,,,,application_1726669773678_0043,2024-09-20T16:23:46
,,,,,,,,,,,,,application_1726669773678_0043,2024-09-20T16:23:48
,,,,,,,,,,,,,application_1726669773678_0043,2024-09-20T16:23:50
,,,,,,,,,,,,,application_1726669773678_0043,2024-09-20T16:23:52
,,,,,,,,,,,,,application_1726669773678_0043,2024-09-20T16:23:54
,,,,,,,,,,,,,application_1726669773678_0043,2024-09-20T16:23:56
,,,,,,,,,,,,,application_1726669773678_0043,2024-09-20T16:23:58
,,,,,,,,,,,,,application_1726669773678_0043,2024-09-20T16:24:00
,,,,,,,,,,,,,application_1726669773678_0043,2024-09-20T16:24:02
,,,,,,,,,,,,,application_1726669773678_0043,2024-09-20T16:24:04
,,,,,,,,,,,,,application_1726669773678_0043,2024-09-20T16:24:06
,,,,,,,,,,,,,application_1726669773678_0043,2024-09-20T16:24:08
,,,,,,,,,,,,,application_1726669773678_0043,2024-09-20T16:24:10
,,,,,,,,,,,,,application_1726669773678_0043,2024-09-20T16:24:12
,,,,,,,,,,,,,application_1726669773678_0043,2024-09-20T16:24:14
,,,,,,,,,,,,,application_1726669773678_0043,2024-09-20T16:24:16
,,,,,,,,,,,,,application_1726669773678_0043,2024-09-20T16:24:18
,,,,,,,,,,,,,application_1726669773678_0043,2024-09-20T16:24:20
,,,,,,,,,,,,,application_1726669773678_0043,2024-09-20T16:24:22
,,,,,,,,,,,,,application_1726669773678_0043,2024-09-20T16:24:24
,,,,,,,,,,,,,application_1726669773678_0043,2024-09-20T16:24:26
,,,,,,,,,,,,,application_1726669773678_0043,2024-09-20T16:24:28
,,,,,,,,,,,,,application_1726669773678_0043,2024-09-20T16:24:30
,,,,,,,,,,,,,application_1726669773678_0043,2024-09-20T16:24:32
,,,,,,,,,,,,,application_1726669773678_0043,2024-09-20T16:24:34
,,,,,,,,,,,,,application_1726669773678_0043,2024-09-20T16:24:36
,,,,,,,,,,,,,application_1726669773678_0043,2024-09-20T16:24:38
,,,,,,,,,,,,,application_1726669773678_0043,2024-09-20T16:24:40
,,,,,,,,,,,,,application_1726669773678_0043,2024-09-20T16:24:42
,,,,,,,,,,,,,application_1726669773678_0043,2024-09-20T16:24:44
,,,,,,,,,,,,,application_1726669773678_0043,2024-09-20T16:24:46
,,,,,,,,,,,,,application_1726669773678_0044,2024-09-20T16:26:03
,,,,,,,,,,,,,application_1726669773678_0044,2024-09-20T16:26:05
,,,,,,,,,,,,,application_1726669773678_0044,2024-09-20T16:26:07
,,,,,,,,,,,,,application_1726669773678_0044,2024-09-20T16:26:09
,,,,,,,,,,,,,application_1726669773678_0044,2024-09-20T16:26:11
,,,,,,,,,,,,,application_1726669773678_0044,2024-09-20T16:26:13
,,,,,,,,,,,,,application_1726669773678_0044,2024-09-20T16:26:15
,,,,,,,,,,,,,application_1726669773678_0044,2024-09-20T16:26:17
,,,,,,,,,,,,,application_1726669773678_0044,2024-09-20T16:26:19
,,,,,,,,,,,,,application_1726669773678_0044,2024-09-20T16:26:21
,,,,,,,,,,,,,application_1726669773678_0044,2024-09-20T16:26:23
,,,,,,,,,,,,,application_1726669773678_0044,2024-09-20T16:26:25
,,,,,,,,,,,,,application_1726669773678_0044,2024-09-20T16:26:27
,,,,,,,,,,,,,application_1726669773678_0044,2024-09-20T16:26:29
,,,,,,,,,,,,,application_1726669773678_0044,2024-09-20T16:26:31
,,,,,,,,,,,,,application_1726669773678_0044,2024-09-20T16:26:33
,,,,,,,,,,,,,application_1726669773678_0044,2024-09-20T16:26:35
,,,,,,,,,,,,,application_1726669773678_0044,2024-09-20T16:26:37
,,,,,,,,,,,,,application_1726669773678_0044,2024-09-20T16:26:39
,,,,,,,,,,,,,application_1726669773678_0044,2024-09-20T16:26:41
,,,,,,,,,,,,,application_1726669773678_0044,2024-09-20T16:26:43
,,,,,,,,,,,,,application_1726669773678_0044,2024-09-20T16:26:45
,,,,,,,,,,,,,application_1726669773678_0044,2024-09-20T16:26:47
,,,,,,,,,,,,,application_1726669773678_0044,2024-09-20T16:26:49
,,,,,,,,,,,,,application_1726669773678_0044,2024-09-20T16:26:51
,,,,,,,,,,,,,application_1726669773678_0044,2024-09-20T16:26:53
,,,,,,,,,,,,,application_1726669773678_0044,2024-09-20T16:26:55
,,,,,,,,,,,,,application_1726669773678_0044,2024-09-20T16:26:57
,,,,,,,,,,,,,application_1726669773678_0044,2024-09-20T16:26:59
,,,,,,,,,,,,,application_1726669773678_0044,2024-09-20T16:27:01
,,,,,,,,,,,,,application_1726669773678_0044,2024-09-20T16:27:03
,,,,,,,,,,,,,application_1726669773678_0044,2024-09-20T16:27:05
,,,,,,,,,,,,,application_1726669773678_0044,2024-09-20T16:27:07
,,,,,,,,,,,,,application_1726669773678_0044,2024-09-20T16:27:09
,,,,,,,,,,,,,application_1726669773678_0044,2024-09-20T16:27:11
,,,,,,,,,,,,,application_1726669773678_0045,2024-09-20T16:28:27
,,,,,,,,,,,,,application_1726669773678_0045,2024-09-20T16:28:29
,,,,,,,,,,,,,application_1726669773678_0045,2024-09-20T16:28:31
,,,,,,,,,,,,,application_1726669773678_0045,2024-09-20T16:28:33
,,,,,,,,,,,,,application_1726669773678_0045,2024-09-20T16:28:35
,,,,,,,,,,,,,application_1726669773678_0045,2024-09-20T16:28:37
,,,,,,,,,,,,,application_1726669773678_0045,2024-09-20T16:28:39
,,,,,,,,,,,,,application_1726669773678_0045,2024-09-20T16:28:42
,,,,,,,,,,,,,application_1726669773678_0045,2024-09-20T16:28:44
,,,,,,,,,,,,,application_1726669773678_0045,2024-09-20T16:28:46
,,,,,,,,,,,,,application_1726669773678_0045,2024-09-20T16:28:48
,,,,,,,,,,,,,application_1726669773678_0045,2024-09-20T16:28:50
,,,,,,,,,,,,,application_1726669773678_0045,2024-09-20T16:28:52
,,,,,,,,,,,,,application_1726669773678_0045,2024-09-20T16:28:54
,,,,,,,,,,,,,application_1726669773678_0045,2024-09-20T16:28:56
,,,,,,,,,,,,,application_1726669773678_0045,2024-09-20T16:28:58
,,,,,,,,,,,,,application_1726669773678_0045,2024-09-20T16:29:00
,,,,,,,,,,,,,application_1726669773678_0045,2024-09-20T16:29:02
,,,,,,,,,,,,,application_1726669773678_0045,2024-09-20T16:29:04
,,,,,,,,,,,,,application_1726669773678_0045,2024-09-20T16:29:06
,,,,,,,,,,,,,application_1726669773678_0045,2024-09-20T16:29:08
,,,,,,,,,,,,,application_1726669773678_0045,2024-09-20T16:29:10
,,,,,,,,,,,,,application_1726669773678_0045,2024-09-20T16:29:12
,,,,,,,,,,,,,application_1726669773678_0045,2024-09-20T16:29:14
,,,,,,,,,,,,,application_1726669773678_0045,2024-09-20T16:29:16
,,,,,,,,,,,,,application_1726669773678_0045,2024-09-20T16:29:18
,,,,,,,,,,,,,application_1726669773678_0045,2024-09-20T16:29:20
,,,,,,,,,,,,,application_1726669773678_0046,2024-09-20T16:30:36
,,,,,,,,,,,,,application_1726669773678_0046,2024-09-20T16:30:38
,,,,,,,,,,,,,application_1726669773678_0046,2024-09-20T16:30:40
,,,,,,,,,,,,,application_1726669773678_0046,2024-09-20T16:30:42
,,,,,,,,,,,,,application_1726669773678_0046,2024-09-20T16:30:44
,,,,,,,,,,,,,application_1726669773678_0046,2024-09-20T16:30:46
,,,,,,,,,,,,,application_1726669773678_0046,2024-09-20T16:30:48
,,,,,,,,,,,,,application_1726669773678_0046,2024-09-20T16:30:50
,,,,,,,,,,,,,application_1726669773678_0046,2024-09-20T16:30:52
,,,,,,,,,,,,,application_1726669773678_0046,2024-09-20T16:30:54
,,,,,,,,,,,,,application_1726669773678_0046,2024-09-20T16:30:56
,,,,,,,,,,,,,application_1726669773678_0046,2024-09-20T16:30:58
,,,,,,,,,,,,,application_1726669773678_0046,2024-09-20T16:31:00
,,,,,,,,,,,,,application_1726669773678_0046,2024-09-20T16:31:02
,,,,,,,,,,,,,application_1726669773678_0046,2024-09-20T16:31:04
,,,,,,,,,,,,,application_1726669773678_0046,2024-09-20T16:31:06
,,,,,,,,,,,,,application_1726669773678_0046,2024-09-20T16:31:08
,,,,,,,,,,,,,application_1726669773678_0046,2024-09-20T16:31:10
,,,,,,,,,,,,,application_1726669773678_0046,2024-09-20T16:31:12
,,,,,,,,,,,,,application_1726669773678_0046,2024-09-20T16:31:14
,,,,,,,,,,,,,application_1726669773678_0046,2024-09-20T16:31:16
,,,,,,,,,,,,,application_1726669773678_0046,2024-09-20T16:31:19
,,,,,,,,,,,,,application_1726669773678_0046,2024-09-20T16:31:21
,,,,,,,,,,,,,application_1726669773678_0046,2024-09-20T16:31:23
,,,,,,,,,,,,,application_1726669773678_0046,2024-09-20T16:31:25
,,,,,,,,,,,,,application_1726669773678_0046,2024-09-20T16:31:27
,,,,,,,,,,,,,application_1726669773678_0046,2024-09-20T16:31:29
,,,,,,,,,,,,,application_1726669773678_0046,2024-09-20T16:31:31
,,,,,,,,,,,,,application_1726669773678_0046,2024-09-20T16:31:33
,,,,,,,,,,,,,application_1726669773678_0047,2024-09-20T16:32:47
,,,,,,,,,,,,,application_1726669773678_0047,2024-09-20T16:32:49
,,,,,,,,,,,,,application_1726669773678_0047,2024-09-20T16:32:51
,,,,,,,,,,,,,application_1726669773678_0047,2024-09-20T16:32:53
,,,,,,,,,,,,,application_1726669773678_0047,2024-09-20T16:32:55
,,,,,,,,,,,,,application_1726669773678_0047,2024-09-20T16:32:57
,,,,,,,,,,,,,application_1726669773678_0047,2024-09-20T16:32:59
,,,,,,,,,,,,,application_1726669773678_0047,2024-09-20T16:33:01
,,,,,,,,,,,,,application_1726669773678_0047,2024-09-20T16:33:03
,,,,,,,,,,,,,application_1726669773678_0047,2024-09-20T16:33:05
,,,,,,,,,,,,,application_1726669773678_0047,2024-09-20T16:33:07
,,,,,,,,,,,,,application_1726669773678_0047,2024-09-20T16:33:09
,,,,,,,,,,,,,application_1726669773678_0047,2024-09-20T16:33:11
,,,,,,,,,,,,,application_1726669773678_0047,2024-09-20T16:33:13
,,,,,,,,,,,,,application_1726669773678_0047,2024-09-20T16:33:15
,,,,,,,,,,,,,application_1726669773678_0047,2024-09-20T16:33:17
,,,,,,,,,,,,,application_1726669773678_0047,2024-09-20T16:33:19
,,,,,,,,,,,,,application_1726669773678_0047,2024-09-20T16:33:21
,,,,,,,,,,,,,application_1726669773678_0047,2024-09-20T16:33:23
,,,,,,,,,,,,,application_1726669773678_0047,2024-09-20T16:33:25
,,,,,,,,,,,,,application_1726669773678_0047,2024-09-20T16:33:27
,,,,,,,,,,,,,application_1726669773678_0047,2024-09-20T16:33:29
,,,,,,,,,,,,,application_1726669773678_0047,2024-09-20T16:33:31
,,,,,,,,,,,,,application_1726669773678_0047,2024-09-20T16:33:33
,,,,,,,,,,,,,application_1726669773678_0047,2024-09-20T16:33:35
,,,,,,,,,,,,,application_1726669773678_0047,2024-09-20T16:33:37
,,,,,,,,,,,,,application_1726669773678_0047,2024-09-20T16:33:39
,,,,,,,,,,,,,application_1726669773678_0047,2024-09-20T16:33:41
,,,,,,,,,,,,,application_1726669773678_0047,2024-09-20T16:33:43
,,,,,,,,,,,,,application_1726669773678_0047,2024-09-20T16:33:45
,,,,,,,,,,,,,application_1726669773678_0047,2024-09-20T16:33:47
,,,,,,,,,,,,,application_1726669773678_0047,2024-09-20T16:33:49
,,,,,,,,,,,,,application_1726669773678_0047,2024-09-20T16:33:51
,,,,,,,,,,,,,application_1726669773678_0047,2024-09-20T16:33:53
,,,,,,,,,,,,,application_1726669773678_0048,2024-09-20T16:35:08
,,,,,,,,,,,,,application_1726669773678_0048,2024-09-20T16:35:10
,,,,,,,,,,,,,application_1726669773678_0048,2024-09-20T16:35:12
,,,,,,,,,,,,,application_1726669773678_0048,2024-09-20T16:35:14
,,,,,,,,,,,,,application_1726669773678_0048,2024-09-20T16:35:16
,,,,,,,,,,,,,application_1726669773678_0048,2024-09-20T16:35:18
,,,,,,,,,,,,,application_1726669773678_0048,2024-09-20T16:35:20
,,,,,,,,,,,,,application_1726669773678_0048,2024-09-20T16:35:22
,,,,,,,,,,,,,application_1726669773678_0048,2024-09-20T16:35:24
,,,,,,,,,,,,,application_1726669773678_0048,2024-09-20T16:35:26
,,,,,,,,,,,,,application_1726669773678_0048,2024-09-20T16:35:28
,,,,,,,,,,,,,application_1726669773678_0048,2024-09-20T16:35:30
,,,,,,,,,,,,,application_1726669773678_0048,2024-09-20T16:35:32
,,,,,,,,,,,,,application_1726669773678_0048,2024-09-20T16:35:34
,,,,,,,,,,,,,application_1726669773678_0048,2024-09-20T16:35:36
,,,,,,,,,,,,,application_1726669773678_0048,2024-09-20T16:35:38
,,,,,,,,,,,,,application_1726669773678_0048,2024-09-20T16:35:40
,,,,,,,,,,,,,application_1726669773678_0048,2024-09-20T16:35:42
,,,,,,,,,,,,,application_1726669773678_0048,2024-09-20T16:35:44
,,,,,,,,,,,,,application_1726669773678_0048,2024-09-20T16:35:46
,,,,,,,,,,,,,application_1726669773678_0048,2024-09-20T16:35:48
,,,,,,,,,,,,,application_1726669773678_0048,2024-09-20T16:35:50
,,,,,,,,,,,,,application_1726669773678_0048,2024-09-20T16:35:52
,,,,,,,,,,,,,application_1726669773678_0048,2024-09-20T16:35:54
,,,,,,,,,,,,,application_1726669773678_0048,2024-09-20T16:35:56
,,,,,,,,,,,,,application_1726669773678_0048,2024-09-20T16:35:58
,,,,,,,,,,,,,application_1726669773678_0049,2024-09-20T16:37:13
,,,,,,,,,,,,,application_1726669773678_0049,2024-09-20T16:37:15
,,,,,,,,,,,,,application_1726669773678_0049,2024-09-20T16:37:17
,,,,,,,,,,,,,application_1726669773678_0049,2024-09-20T16:37:19
,,,,,,,,,,,,,application_1726669773678_0049,2024-09-20T16:37:21
,,,,,,,,,,,,,application_1726669773678_0049,2024-09-20T16:37:23
,,,,,,,,,,,,,application_1726669773678_0049,2024-09-20T16:37:25
,,,,,,,,,,,,,application_1726669773678_0049,2024-09-20T16:37:27
,,,,,,,,,,,,,application_1726669773678_0049,2024-09-20T16:37:29
,,,,,,,,,,,,,application_1726669773678_0049,2024-09-20T16:37:31
,,,,,,,,,,,,,application_1726669773678_0049,2024-09-20T16:37:33
,,,,,,,,,,,,,application_1726669773678_0049,2024-09-20T16:37:35
,,,,,,,,,,,,,application_1726669773678_0049,2024-09-20T16:37:37
,,,,,,,,,,,,,application_1726669773678_0049,2024-09-20T16:37:39
,,,,,,,,,,,,,application_1726669773678_0049,2024-09-20T16:37:41
,,,,,,,,,,,,,application_1726669773678_0049,2024-09-20T16:37:43
,,,,,,,,,,,,,application_1726669773678_0049,2024-09-20T16:37:45
,,,,,,,,,,,,,application_1726669773678_0049,2024-09-20T16:37:47
,,,,,,,,,,,,,application_1726669773678_0049,2024-09-20T16:37:49
,,,,,,,,,,,,,application_1726669773678_0049,2024-09-20T16:37:51
,,,,,,,,,,,,,application_1726669773678_0049,2024-09-20T16:37:53
,,,,,,,,,,,,,application_1726669773678_0049,2024-09-20T16:37:55
,,,,,,,,,,,,,application_1726669773678_0049,2024-09-20T16:37:57
,,,,,,,,,,,,,application_1726669773678_0049,2024-09-20T16:37:59
,,,,,,,,,,,,,application_1726669773678_0049,2024-09-20T16:38:01
,,,,,,,,,,,,,application_1726669773678_0049,2024-09-20T16:38:03
,,,,,,,,,,,,,application_1726669773678_0049,2024-09-20T16:38:05
,,,,,,,,,,,,,application_1726669773678_0049,2024-09-20T16:38:07
,,,,,,,,,,,,,application_1726669773678_0049,2024-09-20T16:38:09
,,,,,,,,,,,,,application_1726669773678_0049,2024-09-20T16:38:11
,,,,,,,,,,,,,application_1726669773678_0049,2024-09-20T16:38:13
,,,,,,,,,,,,,application_1726669773678_0049,2024-09-20T16:38:15
,,,,,,,,,,,,,application_1726669773678_0049,2024-09-20T16:38:17
,,,,,,,,,,,,,application_1726669773678_0049,2024-09-20T16:38:19
,,,,,,,,,,,,,application_1726669773678_0049,2024-09-20T16:38:21
,,,,,,,,,,,,,application_1726669773678_0049,2024-09-20T16:38:23
,,,,,,,,,,,,,application_1726669773678_0050,2024-09-20T16:39:40
,,,,,,,,,,,,,application_1726669773678_0050,2024-09-20T16:39:42
,,,,,,,,,,,,,application_1726669773678_0050,2024-09-20T16:39:44
,,,,,,,,,,,,,application_1726669773678_0050,2024-09-20T16:39:46
,,,,,,,,,,,,,application_1726669773678_0050,2024-09-20T16:39:48
,,,,,,,,,,,,,application_1726669773678_0050,2024-09-20T16:39:50
,,,,,,,,,,,,,application_1726669773678_0050,2024-09-20T16:39:52
,,,,,,,,,,,,,application_1726669773678_0050,2024-09-20T16:39:54
,,,,,,,,,,,,,application_1726669773678_0050,2024-09-20T16:39:56
,,,,,,,,,,,,,application_1726669773678_0050,2024-09-20T16:39:58
,,,,,,,,,,,,,application_1726669773678_0050,2024-09-20T16:40:00
,,,,,,,,,,,,,application_1726669773678_0050,2024-09-20T16:40:02
,,,,,,,,,,,,,application_1726669773678_0050,2024-09-20T16:40:04
,,,,,,,,,,,,,application_1726669773678_0050,2024-09-20T16:40:06
,,,,,,,,,,,,,application_1726669773678_0050,2024-09-20T16:40:08
,,,,,,,,,,,,,application_1726669773678_0050,2024-09-20T16:40:10
,,,,,,,,,,,,,application_1726669773678_0050,2024-09-20T16:40:12
,,,,,,,,,,,,,application_1726669773678_0050,2024-09-20T16:40:14
,,,,,,,,,,,,,application_1726669773678_0050,2024-09-20T16:40:16
,,,,,,,,,,,,,application_1726669773678_0050,2024-09-20T16:40:18
,,,,,,,,,,,,,application_1726669773678_0050,2024-09-20T16:40:20
,,,,,,,,,,,,,application_1726669773678_0050,2024-09-20T16:40:22
,,,,,,,,,,,,,application_1726669773678_0050,2024-09-20T16:40:24
,,,,,,,,,,,,,application_1726669773678_0050,2024-09-20T16:40:26
,,,,,,,,,,,,,application_1726669773678_0050,2024-09-20T16:40:28
,,,,,,,,,,,,,application_1726669773678_0050,2024-09-20T16:40:30
,,,,,,,,,,,,,application_1726669773678_0050,2024-09-20T16:40:32
,,,,,,,,,,,,,application_1726669773678_0050,2024-09-20T16:40:34
,,,,,,,,,,,,,application_1726669773678_0050,2024-09-20T16:40:36
,,,,,,,,,,,,,application_1726669773678_0051,2024-09-20T16:41:50
,,,,,,,,,,,,,application_1726669773678_0051,2024-09-20T16:41:52
,,,,,,,,,,,,,application_1726669773678_0051,2024-09-20T16:41:54
,,,,,,,,,,,,,application_1726669773678_0051,2024-09-20T16:41:56
,,,,,,,,,,,,,application_1726669773678_0051,2024-09-20T16:41:58
,,,,,,,,,,,,,application_1726669773678_0051,2024-09-20T16:42:00
,,,,,,,,,,,,,application_1726669773678_0051,2024-09-20T16:42:02
,,,,,,,,,,,,,application_1726669773678_0051,2024-09-20T16:42:05
,,,,,,,,,,,,,application_1726669773678_0051,2024-09-20T16:42:07
,,,,,,,,,,,,,application_1726669773678_0051,2024-09-20T16:42:09
,,,,,,,,,,,,,application_1726669773678_0051,2024-09-20T16:42:11
,,,,,,,,,,,,,application_1726669773678_0051,2024-09-20T16:42:13
,,,,,,,,,,,,,application_1726669773678_0051,2024-09-20T16:42:15
,,,,,,,,,,,,,application_1726669773678_0051,2024-09-20T16:42:17
,,,,,,,,,,,,,application_1726669773678_0051,2024-09-20T16:42:19
,,,,,,,,,,,,,application_1726669773678_0051,2024-09-20T16:42:21
,,,,,,,,,,,,,application_1726669773678_0051,2024-09-20T16:42:23
,,,,,,,,,,,,,application_1726669773678_0051,2024-09-20T16:42:25
,,,,,,,,,,,,,application_1726669773678_0051,2024-09-20T16:42:27
,,,,,,,,,,,,,application_1726669773678_0051,2024-09-20T16:42:29
,,,,,,,,,,,,,application_1726669773678_0051,2024-09-20T16:42:31
,,,,,,,,,,,,,application_1726669773678_0051,2024-09-20T16:42:33
,,,,,,,,,,,,,application_1726669773678_0051,2024-09-20T16:42:35
,,,,,,,,,,,,,application_1726669773678_0051,2024-09-20T16:42:37
,,,,,,,,,,,,,application_1726669773678_0051,2024-09-20T16:42:39
,,,,,,,,,,,,,application_1726669773678_0051,2024-09-20T16:42:41
,,,,,,,,,,,,,application_1726669773678_0051,2024-09-20T16:42:43
,,,,,,,,,,,,,application_1726669773678_0051,2024-09-20T16:42:45
,,,,,,,,,,,,,application_1726669773678_0051,2024-09-20T16:42:47
,,,,,,,,,,,,,application_1726669773678_0051,2024-09-20T16:42:49
,,,,,,,,,,,,,application_1726669773678_0051,2024-09-20T16:42:51
,,,,,,,,,,,,,application_1726669773678_0051,2024-09-20T16:42:53
,,,,,,,,,,,,,application_1726669773678_0051,2024-09-20T16:42:55
,,,,,,,,,,,,,application_1726669773678_0052,2024-09-20T16:44:11
,,,,,,,,,,,,,application_1726669773678_0052,2024-09-20T16:44:13
,,,,,,,,,,,,,application_1726669773678_0052,2024-09-20T16:44:15
,,,,,,,,,,,,,application_1726669773678_0052,2024-09-20T16:44:17
,,,,,,,,,,,,,application_1726669773678_0052,2024-09-20T16:44:19
,,,,,,,,,,,,,application_1726669773678_0052,2024-09-20T16:44:21
,,,,,,,,,,,,,application_1726669773678_0052,2024-09-20T16:44:23
,,,,,,,,,,,,,application_1726669773678_0052,2024-09-20T16:44:25
,,,,,,,,,,,,,application_1726669773678_0052,2024-09-20T16:44:27
,,,,,,,,,,,,,application_1726669773678_0052,2024-09-20T16:44:29
,,,,,,,,,,,,,application_1726669773678_0052,2024-09-20T16:44:31
,,,,,,,,,,,,,application_1726669773678_0052,2024-09-20T16:44:33
,,,,,,,,,,,,,application_1726669773678_0052,2024-09-20T16:44:35
,,,,,,,,,,,,,application_1726669773678_0052,2024-09-20T16:44:37
,,,,,,,,,,,,,application_1726669773678_0052,2024-09-20T16:44:39
,,,,,,,,,,,,,application_1726669773678_0052,2024-09-20T16:44:42
,,,,,,,,,,,,,application_1726669773678_0052,2024-09-20T16:44:44
,,,,,,,,,,,,,application_1726669773678_0052,2024-09-20T16:44:46
,,,,,,,,,,,,,application_1726669773678_0052,2024-09-20T16:44:48
,,,,,,,,,,,,,application_1726669773678_0052,2024-09-20T16:44:50
,,,,,,,,,,,,,application_1726669773678_0052,2024-09-20T16:44:52
,,,,,,,,,,,,,application_1726669773678_0052,2024-09-20T16:44:54
,,,,,,,,,,,,,application_1726669773678_0052,2024-09-20T16:44:56
,,,,,,,,,,,,,application_1726669773678_0052,2024-09-20T16:44:58
,,,,,,,,,,,,,application_1726669773678_0052,2024-09-20T16:45:00
,,,,,,,,,,,,,application_1726669773678_0052,2024-09-20T16:45:02
,,,,,,,,,,,,,application_1726669773678_0052,2024-09-20T16:45:04
,,,,,,,,,,,,,application_1726669773678_0052,2024-09-20T16:45:06
,,,,,,,,,,,,,application_1726669773678_0052,2024-09-20T16:45:08
,,,,,,,,,,,,,application_1726669773678_0052,2024-09-20T16:45:10
,,,,,,,,,,,,,application_1726669773678_0052,2024-09-20T16:45:12
,,,,,,,,,,,,,application_1726669773678_0052,2024-09-20T16:45:14
,,,,,,,,,,,,,application_1726669773678_0053,2024-09-20T16:46:30
,,,,,,,,,,,,,application_1726669773678_0053,2024-09-20T16:46:32
,,,,,,,,,,,,,application_1726669773678_0053,2024-09-20T16:46:34
,,,,,,,,,,,,,application_1726669773678_0053,2024-09-20T16:46:36
,,,,,,,,,,,,,application_1726669773678_0053,2024-09-20T16:46:38
,,,,,,,,,,,,,application_1726669773678_0053,2024-09-20T16:46:40
,,,,,,,,,,,,,application_1726669773678_0053,2024-09-20T16:46:42
,,,,,,,,,,,,,application_1726669773678_0053,2024-09-20T16:46:44
,,,,,,,,,,,,,application_1726669773678_0053,2024-09-20T16:46:46
,,,,,,,,,,,,,application_1726669773678_0053,2024-09-20T16:46:48
,,,,,,,,,,,,,application_1726669773678_0053,2024-09-20T16:46:50
,,,,,,,,,,,,,application_1726669773678_0053,2024-09-20T16:46:52
,,,,,,,,,,,,,application_1726669773678_0053,2024-09-20T16:46:54
,,,,,,,,,,,,,application_1726669773678_0053,2024-09-20T16:46:56
,,,,,,,,,,,,,application_1726669773678_0053,2024-09-20T16:46:58
,,,,,,,,,,,,,application_1726669773678_0053,2024-09-20T16:47:00
,,,,,,,,,,,,,application_1726669773678_0053,2024-09-20T16:47:02
,,,,,,,,,,,,,application_1726669773678_0053,2024-09-20T16:47:04
,,,,,,,,,,,,,application_1726669773678_0053,2024-09-20T16:47:06
,,,,,,,,,,,,,application_1726669773678_0053,2024-09-20T16:47:08
,,,,,,,,,,,,,application_1726669773678_0053,2024-09-20T16:47:10
,,,,,,,,,,,,,application_1726669773678_0053,2024-09-20T16:47:13
,,,,,,,,,,,,,application_1726669773678_0053,2024-09-20T16:47:15
,,,,,,,,,,,,,application_1726669773678_0053,2024-09-20T16:47:17
,,,,,,,,,,,,,application_1726669773678_0053,2024-09-20T16:47:19
,,,,,,,,,,,,,application_1726669773678_0053,2024-09-20T16:47:21
,,,,,,,,,,,,,application_1726669773678_0053,2024-09-20T16:47:23
,,,,,,,,,,,,,application_1726669773678_0053,2024-09-20T16:47:25
,,,,,,,,,,,,,application_1726669773678_0053,2024-09-20T16:47:27
,,,,,,,,,,,,,application_1726669773678_0053,2024-09-20T16:47:29
,,,,,,,,,,,,,application_1726669773678_0053,2024-09-20T16:47:31
,,,,,,,,,,,,,application_1726669773678_0054,2024-09-20T16:48:47
,,,,,,,,,,,,,application_1726669773678_0054,2024-09-20T16:48:49
,,,,,,,,,,,,,application_1726669773678_0054,2024-09-20T16:48:51
,,,,,,,,,,,,,application_1726669773678_0054,2024-09-20T16:48:53
,,,,,,,,,,,,,application_1726669773678_0054,2024-09-20T16:48:55
,,,,,,,,,,,,,application_1726669773678_0054,2024-09-20T16:48:57
,,,,,,,,,,,,,application_1726669773678_0054,2024-09-20T16:48:59
,,,,,,,,,,,,,application_1726669773678_0054,2024-09-20T16:49:01
,,,,,,,,,,,,,application_1726669773678_0054,2024-09-20T16:49:03
,,,,,,,,,,,,,application_1726669773678_0054,2024-09-20T16:49:05
,,,,,,,,,,,,,application_1726669773678_0054,2024-09-20T16:49:07
,,,,,,,,,,,,,application_1726669773678_0054,2024-09-20T16:49:09
,,,,,,,,,,,,,application_1726669773678_0054,2024-09-20T16:49:11
,,,,,,,,,,,,,application_1726669773678_0054,2024-09-20T16:49:13
,,,,,,,,,,,,,application_1726669773678_0054,2024-09-20T16:49:15
,,,,,,,,,,,,,application_1726669773678_0054,2024-09-20T16:49:17
,,,,,,,,,,,,,application_1726669773678_0054,2024-09-20T16:49:19
,,,,,,,,,,,,,application_1726669773678_0054,2024-09-20T16:49:21
,,,,,,,,,,,,,application_1726669773678_0054,2024-09-20T16:49:23
,,,,,,,,,,,,,application_1726669773678_0054,2024-09-20T16:49:25
,,,,,,,,,,,,,application_1726669773678_0054,2024-09-20T16:49:27
,,,,,,,,,,,,,application_1726669773678_0054,2024-09-20T16:49:29
,,,,,,,,,,,,,application_1726669773678_0054,2024-09-20T16:49:31
,,,,,,,,,,,,,application_1726669773678_0054,2024-09-20T16:49:33
,,,,,,,,,,,,,application_1726669773678_0054,2024-09-20T16:49:35
,,,,,,,,,,,,,application_1726669773678_0054,2024-09-20T16:49:37
,,,,,,,,,,,,,application_1726669773678_0054,2024-09-20T16:49:39
,,,,,,,,,,,,,application_1726669773678_0054,2024-09-20T16:49:41
,,,,,,,,,,,,,application_1726669773678_0054,2024-09-20T16:49:43
,,,,,,,,,,,,,application_1726669773678_0054,2024-09-20T16:49:45
,,,,,,,,,,,,,application_1726669773678_0054,2024-09-20T16:49:47
,,,,,,,,,,,,,application_1726669773678_0054,2024-09-20T16:49:49
,,,,,,,,,,,,,application_1726669773678_0055,2024-09-20T16:51:04
,,,,,,,,,,,,,application_1726669773678_0055,2024-09-20T16:51:06
,,,,,,,,,,,,,application_1726669773678_0055,2024-09-20T16:51:08
,,,,,,,,,,,,,application_1726669773678_0055,2024-09-20T16:51:10
,,,,,,,,,,,,,application_1726669773678_0055,2024-09-20T16:51:12
,,,,,,,,,,,,,application_1726669773678_0055,2024-09-20T16:51:14
,,,,,,,,,,,,,application_1726669773678_0055,2024-09-20T16:51:16
,,,,,,,,,,,,,application_1726669773678_0055,2024-09-20T16:51:18
,,,,,,,,,,,,,application_1726669773678_0055,2024-09-20T16:51:20
,,,,,,,,,,,,,application_1726669773678_0055,2024-09-20T16:51:22
,,,,,,,,,,,,,application_1726669773678_0055,2024-09-20T16:51:24
,,,,,,,,,,,,,application_1726669773678_0055,2024-09-20T16:51:26
,,,,,,,,,,,,,application_1726669773678_0055,2024-09-20T16:51:28
,,,,,,,,,,,,,application_1726669773678_0055,2024-09-20T16:51:30
,,,,,,,,,,,,,application_1726669773678_0055,2024-09-20T16:51:32
,,,,,,,,,,,,,application_1726669773678_0055,2024-09-20T16:51:34
,,,,,,,,,,,,,application_1726669773678_0055,2024-09-20T16:51:36
,,,,,,,,,,,,,application_1726669773678_0055,2024-09-20T16:51:38
,,,,,,,,,,,,,application_1726669773678_0055,2024-09-20T16:51:40
,,,,,,,,,,,,,application_1726669773678_0055,2024-09-20T16:51:42
,,,,,,,,,,,,,application_1726669773678_0055,2024-09-20T16:51:44
,,,,,,,,,,,,,application_1726669773678_0055,2024-09-20T16:51:46
,,,,,,,,,,,,,application_1726669773678_0055,2024-09-20T16:51:48
,,,,,,,,,,,,,application_1726669773678_0055,2024-09-20T16:51:50
,,,,,,,,,,,,,application_1726669773678_0055,2024-09-20T16:51:52
,,,,,,,,,,,,,application_1726669773678_0055,2024-09-20T16:51:54
,,,,,,,,,,,,,application_1726669773678_0055,2024-09-20T16:51:56
,,,,,,,,,,,,,application_1726669773678_0055,2024-09-20T16:51:58
,,,,,,,,,,,,,application_1726669773678_0055,2024-09-20T16:52:00
,,,,,,,,,,,,,application_1726669773678_0055,2024-09-20T16:52:02
,,,,,,,,,,,,,application_1726669773678_0056,2024-09-20T16:53:17
,,,,,,,,,,,,,application_1726669773678_0056,2024-09-20T16:53:19
,,,,,,,,,,,,,application_1726669773678_0056,2024-09-20T16:53:21
,,,,,,,,,,,,,application_1726669773678_0056,2024-09-20T16:53:23
,,,,,,,,,,,,,application_1726669773678_0056,2024-09-20T16:53:25
,,,,,,,,,,,,,application_1726669773678_0056,2024-09-20T16:53:27
,,,,,,,,,,,,,application_1726669773678_0056,2024-09-20T16:53:29
,,,,,,,,,,,,,application_1726669773678_0056,2024-09-20T16:53:31
,,,,,,,,,,,,,application_1726669773678_0056,2024-09-20T16:53:33
,,,,,,,,,,,,,application_1726669773678_0056,2024-09-20T16:53:35
,,,,,,,,,,,,,application_1726669773678_0056,2024-09-20T16:53:37
,,,,,,,,,,,,,application_1726669773678_0056,2024-09-20T16:53:39
,,,,,,,,,,,,,application_1726669773678_0056,2024-09-20T16:53:41
,,,,,,,,,,,,,application_1726669773678_0056,2024-09-20T16:53:43
,,,,,,,,,,,,,application_1726669773678_0056,2024-09-20T16:53:45
,,,,,,,,,,,,,application_1726669773678_0056,2024-09-20T16:53:47
,,,,,,,,,,,,,application_1726669773678_0056,2024-09-20T16:53:49
,,,,,,,,,,,,,application_1726669773678_0056,2024-09-20T16:53:51
,,,,,,,,,,,,,application_1726669773678_0056,2024-09-20T16:53:53
,,,,,,,,,,,,,application_1726669773678_0056,2024-09-20T16:53:55
,,,,,,,,,,,,,application_1726669773678_0056,2024-09-20T16:53:57
,,,,,,,,,,,,,application_1726669773678_0056,2024-09-20T16:53:59
,,,,,,,,,,,,,application_1726669773678_0056,2024-09-20T16:54:01
,,,,,,,,,,,,,application_1726669773678_0056,2024-09-20T16:54:03
,,,,,,,,,,,,,application_1726669773678_0056,2024-09-20T16:54:05
,,,,,,,,,,,,,application_1726669773678_0056,2024-09-20T16:54:07
,,,,,,,,,,,,,application_1726669773678_0056,2024-09-20T16:54:09
,,,,,,,,,,,,,application_1726669773678_0056,2024-09-20T16:54:11
,,,,,,,,,,,,,application_1726669773678_0056,2024-09-20T16:54:13
,,,,,,,,,,,,,application_1726669773678_0057,2024-09-20T16:55:30
,,,,,,,,,,,,,application_1726669773678_0057,2024-09-20T16:55:32
,,,,,,,,,,,,,application_1726669773678_0057,2024-09-20T16:55:34
,,,,,,,,,,,,,application_1726669773678_0057,2024-09-20T16:55:36
,,,,,,,,,,,,,application_1726669773678_0057,2024-09-20T16:55:38
,,,,,,,,,,,,,application_1726669773678_0057,2024-09-20T16:55:40
,,,,,,,,,,,,,application_1726669773678_0057,2024-09-20T16:55:42
,,,,,,,,,,,,,application_1726669773678_0057,2024-09-20T16:55:44
,,,,,,,,,,,,,application_1726669773678_0057,2024-09-20T16:55:46
,,,,,,,,,,,,,application_1726669773678_0057,2024-09-20T16:55:48
,,,,,,,,,,,,,application_1726669773678_0057,2024-09-20T16:55:50
,,,,,,,,,,,,,application_1726669773678_0057,2024-09-20T16:55:52
,,,,,,,,,,,,,application_1726669773678_0057,2024-09-20T16:55:54
,,,,,,,,,,,,,application_1726669773678_0057,2024-09-20T16:55:56
,,,,,,,,,,,,,application_1726669773678_0057,2024-09-20T16:55:58
,,,,,,,,,,,,,application_1726669773678_0057,2024-09-20T16:56:00
,,,,,,,,,,,,,application_1726669773678_0057,2024-09-20T16:56:02
,,,,,,,,,,,,,application_1726669773678_0057,2024-09-20T16:56:04
,,,,,,,,,,,,,application_1726669773678_0057,2024-09-20T16:56:06
,,,,,,,,,,,,,application_1726669773678_0057,2024-09-20T16:56:08
,,,,,,,,,,,,,application_1726669773678_0057,2024-09-20T16:56:10
,,,,,,,,,,,,,application_1726669773678_0057,2024-09-20T16:56:12
,,,,,,,,,,,,,application_1726669773678_0057,2024-09-20T16:56:14
,,,,,,,,,,,,,application_1726669773678_0057,2024-09-20T16:56:16
,,,,,,,,,,,,,application_1726669773678_0057,2024-09-20T16:56:18
,,,,,,,,,,,,,application_1726669773678_0057,2024-09-20T16:56:20
,,,,,,,,,,,,,application_1726669773678_0057,2024-09-20T16:56:22
,,,,,,,,,,,,,application_1726669773678_0058,2024-09-20T16:57:38
,,,,,,,,,,,,,application_1726669773678_0058,2024-09-20T16:57:40
,,,,,,,,,,,,,application_1726669773678_0058,2024-09-20T16:57:42
,,,,,,,,,,,,,application_1726669773678_0058,2024-09-20T16:57:44
,,,,,,,,,,,,,application_1726669773678_0058,2024-09-20T16:57:46
,,,,,,,,,,,,,application_1726669773678_0058,2024-09-20T16:57:48
,,,,,,,,,,,,,application_1726669773678_0058,2024-09-20T16:57:51
,,,,,,,,,,,,,application_1726669773678_0058,2024-09-20T16:57:53
,,,,,,,,,,,,,application_1726669773678_0058,2024-09-20T16:57:55
,,,,,,,,,,,,,application_1726669773678_0058,2024-09-20T16:57:57
,,,,,,,,,,,,,application_1726669773678_0058,2024-09-20T16:57:59
,,,,,,,,,,,,,application_1726669773678_0058,2024-09-20T16:58:01
,,,,,,,,,,,,,application_1726669773678_0058,2024-09-20T16:58:03
,,,,,,,,,,,,,application_1726669773678_0058,2024-09-20T16:58:05
,,,,,,,,,,,,,application_1726669773678_0058,2024-09-20T16:58:07
,,,,,,,,,,,,,application_1726669773678_0058,2024-09-20T16:58:09
,,,,,,,,,,,,,application_1726669773678_0058,2024-09-20T16:58:11
,,,,,,,,,,,,,application_1726669773678_0058,2024-09-20T16:58:13
,,,,,,,,,,,,,application_1726669773678_0058,2024-09-20T16:58:15
,,,,,,,,,,,,,application_1726669773678_0058,2024-09-20T16:58:17
,,,,,,,,,,,,,application_1726669773678_0058,2024-09-20T16:58:19
,,,,,,,,,,,,,application_1726669773678_0058,2024-09-20T16:58:21
,,,,,,,,,,,,,application_1726669773678_0058,2024-09-20T16:58:23
,,,,,,,,,,,,,application_1726669773678_0058,2024-09-20T16:58:25
,,,,,,,,,,,,,application_1726669773678_0058,2024-09-20T16:58:27
,,,,,,,,,,,,,application_1726669773678_0058,2024-09-20T16:58:29
,,,,,,,,,,,,,application_1726669773678_0058,2024-09-20T16:58:31
,,,,,,,,,,,,,application_1726669773678_0058,2024-09-20T16:58:33
,,,,,,,,,,,,,application_1726669773678_0058,2024-09-20T16:58:35
,,,,,,,,,,,,,application_1726669773678_0058,2024-09-20T16:58:37
,,,,,,,,,,,,,application_1726669773678_0058,2024-09-20T16:58:39
,,,,,,,,,,,,,application_1726669773678_0059,2024-09-20T16:59:55
,,,,,,,,,,,,,application_1726669773678_0059,2024-09-20T16:59:57
,,,,,,,,,,,,,application_1726669773678_0059,2024-09-20T16:59:59
,,,,,,,,,,,,,application_1726669773678_0059,2024-09-20T17:00:01
,,,,,,,,,,,,,application_1726669773678_0059,2024-09-20T17:00:03
,,,,,,,,,,,,,application_1726669773678_0059,2024-09-20T17:00:05
,,,,,,,,,,,,,application_1726669773678_0059,2024-09-20T17:00:07
,,,,,,,,,,,,,application_1726669773678_0059,2024-09-20T17:00:09
,,,,,,,,,,,,,application_1726669773678_0059,2024-09-20T17:00:11
,,,,,,,,,,,,,application_1726669773678_0059,2024-09-20T17:00:13
,,,,,,,,,,,,,application_1726669773678_0059,2024-09-20T17:00:16
,,,,,,,,,,,,,application_1726669773678_0059,2024-09-20T17:00:18
,,,,,,,,,,,,,application_1726669773678_0059,2024-09-20T17:00:20
,,,,,,,,,,,,,application_1726669773678_0059,2024-09-20T17:00:22
,,,,,,,,,,,,,application_1726669773678_0059,2024-09-20T17:00:24
,,,,,,,,,,,,,application_1726669773678_0059,2024-09-20T17:00:26
,,,,,,,,,,,,,application_1726669773678_0059,2024-09-20T17:00:28
,,,,,,,,,,,,,application_1726669773678_0059,2024-09-20T17:00:30
,,,,,,,,,,,,,application_1726669773678_0059,2024-09-20T17:00:32
,,,,,,,,,,,,,application_1726669773678_0059,2024-09-20T17:00:34
,,,,,,,,,,,,,application_1726669773678_0059,2024-09-20T17:00:36
,,,,,,,,,,,,,application_1726669773678_0059,2024-09-20T17:00:38
,,,,,,,,,,,,,application_1726669773678_0059,2024-09-20T17:00:40
,,,,,,,,,,,,,application_1726669773678_0059,2024-09-20T17:00:42
,,,,,,,,,,,,,application_1726669773678_0059,2024-09-20T17:00:44
,,,,,,,,,,,,,application_1726669773678_0059,2024-09-20T17:00:46
,,,,,,,,,,,,,application_1726669773678_0059,2024-09-20T17:00:48
,,,,,,,,,,,,,application_1726669773678_0059,2024-09-20T17:00:50
,,,,,,,,,,,,,application_1726669773678_0059,2024-09-20T17:00:52
,,,,,,,,,,,,,application_1726669773678_0059,2024-09-20T17:00:54
,,,,,,,,,,,,,application_1726669773678_0059,2024-09-20T17:00:56
,,,,,,,,,,,,,application_1726669773678_0059,2024-09-20T17:00:58
,,,,,,,,,,,,,application_1726669773678_0060,2024-09-20T17:02:12
,,,,,,,,,,,,,application_1726669773678_0060,2024-09-20T17:02:14
,,,,,,,,,,,,,application_1726669773678_0060,2024-09-20T17:02:16
,,,,,,,,,,,,,application_1726669773678_0060,2024-09-20T17:02:18
,,,,,,,,,,,,,application_1726669773678_0060,2024-09-20T17:02:20
,,,,,,,,,,,,,application_1726669773678_0060,2024-09-20T17:02:22
,,,,,,,,,,,,,application_1726669773678_0060,2024-09-20T17:02:24
,,,,,,,,,,,,,application_1726669773678_0060,2024-09-20T17:02:26
,,,,,,,,,,,,,application_1726669773678_0060,2024-09-20T17:02:28
,,,,,,,,,,,,,application_1726669773678_0060,2024-09-20T17:02:30
,,,,,,,,,,,,,application_1726669773678_0060,2024-09-20T17:02:32
,,,,,,,,,,,,,application_1726669773678_0060,2024-09-20T17:02:34
,,,,,,,,,,,,,application_1726669773678_0060,2024-09-20T17:02:36
,,,,,,,,,,,,,application_1726669773678_0060,2024-09-20T17:02:38
,,,,,,,,,,,,,application_1726669773678_0060,2024-09-20T17:02:40
,,,,,,,,,,,,,application_1726669773678_0060,2024-09-20T17:02:42
,,,,,,,,,,,,,application_1726669773678_0060,2024-09-20T17:02:44
,,,,,,,,,,,,,application_1726669773678_0060,2024-09-20T17:02:46
,,,,,,,,,,,,,application_1726669773678_0060,2024-09-20T17:02:48
,,,,,,,,,,,,,application_1726669773678_0060,2024-09-20T17:02:51
,,,,,,,,,,,,,application_1726669773678_0060,2024-09-20T17:02:53
,,,,,,,,,,,,,application_1726669773678_0060,2024-09-20T17:02:55
,,,,,,,,,,,,,application_1726669773678_0060,2024-09-20T17:02:57
,,,,,,,,,,,,,application_1726669773678_0060,2024-09-20T17:02:59
,,,,,,,,,,,,,application_1726669773678_0060,2024-09-20T17:03:01
,,,,,,,,,,,,,application_1726669773678_0060,2024-09-20T17:03:03
,,,,,,,,,,,,,application_1726669773678_0060,2024-09-20T17:03:05
,,,,,,,,,,,,,application_1726669773678_0060,2024-09-20T17:03:07
,,,,,,,,,,,,,application_1726669773678_0060,2024-09-20T17:03:09
,,,,,,,,,,,,,application_1726669773678_0060,2024-09-20T17:03:11
,,,,,,,,,,,,,application_1726669773678_0060,2024-09-20T17:03:13
,,,,,,,,,,,,,application_1726669773678_0060,2024-09-20T17:03:15
,,,,,,,,,,,,,application_1726669773678_0060,2024-09-20T17:03:17
,,,,,,,,,,,,,application_1726669773678_0060,2024-09-20T17:03:19
,,,,,,,,,,,,,application_1726669773678_0060,2024-09-20T17:03:21
,,,,,,,,,,,,,application_1726669773678_0061,2024-09-20T17:04:37
,,,,,,,,,,,,,application_1726669773678_0061,2024-09-20T17:04:39
,,,,,,,,,,,,,application_1726669773678_0061,2024-09-20T17:04:41
,,,,,,,,,,,,,application_1726669773678_0061,2024-09-20T17:04:43
,,,,,,,,,,,,,application_1726669773678_0061,2024-09-20T17:04:45
,,,,,,,,,,,,,application_1726669773678_0061,2024-09-20T17:04:47
,,,,,,,,,,,,,application_1726669773678_0061,2024-09-20T17:04:49
,,,,,,,,,,,,,application_1726669773678_0061,2024-09-20T17:04:51
,,,,,,,,,,,,,application_1726669773678_0061,2024-09-20T17:04:53
,,,,,,,,,,,,,application_1726669773678_0061,2024-09-20T17:04:55
,,,,,,,,,,,,,application_1726669773678_0061,2024-09-20T17:04:57
,,,,,,,,,,,,,application_1726669773678_0061,2024-09-20T17:04:59
,,,,,,,,,,,,,application_1726669773678_0061,2024-09-20T17:05:01
,,,,,,,,,,,,,application_1726669773678_0061,2024-09-20T17:05:03
,,,,,,,,,,,,,application_1726669773678_0061,2024-09-20T17:05:05
,,,,,,,,,,,,,application_1726669773678_0061,2024-09-20T17:05:07
,,,,,,,,,,,,,application_1726669773678_0061,2024-09-20T17:05:09
,,,,,,,,,,,,,application_1726669773678_0061,2024-09-20T17:05:11
,,,,,,,,,,,,,application_1726669773678_0061,2024-09-20T17:05:13
,,,,,,,,,,,,,application_1726669773678_0061,2024-09-20T17:05:15
,,,,,,,,,,,,,application_1726669773678_0061,2024-09-20T17:05:17
,,,,,,,,,,,,,application_1726669773678_0061,2024-09-20T17:05:19
,,,,,,,,,,,,,application_1726669773678_0061,2024-09-20T17:05:22
,,,,,,,,,,,,,application_1726669773678_0061,2024-09-20T17:05:24
,,,,,,,,,,,,,application_1726669773678_0061,2024-09-20T17:05:26
,,,,,,,,,,,,,application_1726669773678_0061,2024-09-20T17:05:28
,,,,,,,,,,,,,application_1726669773678_0062,2024-09-20T17:06:42
,,,,,,,,,,,,,application_1726669773678_0062,2024-09-20T17:06:44
,,,,,,,,,,,,,application_1726669773678_0062,2024-09-20T17:06:46
,,,,,,,,,,,,,application_1726669773678_0062,2024-09-20T17:06:48
,,,,,,,,,,,,,application_1726669773678_0062,2024-09-20T17:06:50
,,,,,,,,,,,,,application_1726669773678_0062,2024-09-20T17:06:52
,,,,,,,,,,,,,application_1726669773678_0062,2024-09-20T17:06:54
,,,,,,,,,,,,,application_1726669773678_0062,2024-09-20T17:06:56
,,,,,,,,,,,,,application_1726669773678_0062,2024-09-20T17:06:58
,,,,,,,,,,,,,application_1726669773678_0062,2024-09-20T17:07:00
,,,,,,,,,,,,,application_1726669773678_0062,2024-09-20T17:07:02
,,,,,,,,,,,,,application_1726669773678_0062,2024-09-20T17:07:04
,,,,,,,,,,,,,application_1726669773678_0062,2024-09-20T17:07:06
,,,,,,,,,,,,,application_1726669773678_0062,2024-09-20T17:07:08
,,,,,,,,,,,,,application_1726669773678_0062,2024-09-20T17:07:10
,,,,,,,,,,,,,application_1726669773678_0062,2024-09-20T17:07:12
,,,,,,,,,,,,,application_1726669773678_0062,2024-09-20T17:07:14
,,,,,,,,,,,,,application_1726669773678_0062,2024-09-20T17:07:16
,,,,,,,,,,,,,application_1726669773678_0062,2024-09-20T17:07:18
,,,,,,,,,,,,,application_1726669773678_0062,2024-09-20T17:07:20
,,,,,,,,,,,,,application_1726669773678_0062,2024-09-20T17:07:22
,,,,,,,,,,,,,application_1726669773678_0062,2024-09-20T17:07:24
,,,,,,,,,,,,,application_1726669773678_0062,2024-09-20T17:07:26
,,,,,,,,,,,,,application_1726669773678_0062,2024-09-20T17:07:28
,,,,,,,,,,,,,application_1726669773678_0062,2024-09-20T17:07:30
,,,,,,,,,,,,,application_1726669773678_0063,2024-09-20T17:08:45
,,,,,,,,,,,,,application_1726669773678_0063,2024-09-20T17:08:47
,,,,,,,,,,,,,application_1726669773678_0063,2024-09-20T17:08:49
,,,,,,,,,,,,,application_1726669773678_0063,2024-09-20T17:08:51
,,,,,,,,,,,,,application_1726669773678_0063,2024-09-20T17:08:53
,,,,,,,,,,,,,application_1726669773678_0063,2024-09-20T17:08:55
,,,,,,,,,,,,,application_1726669773678_0063,2024-09-20T17:08:57
,,,,,,,,,,,,,application_1726669773678_0063,2024-09-20T17:08:59
,,,,,,,,,,,,,application_1726669773678_0063,2024-09-20T17:09:01
,,,,,,,,,,,,,application_1726669773678_0063,2024-09-20T17:09:03
,,,,,,,,,,,,,application_1726669773678_0063,2024-09-20T17:09:05
,,,,,,,,,,,,,application_1726669773678_0063,2024-09-20T17:09:07
,,,,,,,,,,,,,application_1726669773678_0063,2024-09-20T17:09:09
,,,,,,,,,,,,,application_1726669773678_0063,2024-09-20T17:09:11
,,,,,,,,,,,,,application_1726669773678_0063,2024-09-20T17:09:13
,,,,,,,,,,,,,application_1726669773678_0063,2024-09-20T17:09:15
,,,,,,,,,,,,,application_1726669773678_0063,2024-09-20T17:09:17
,,,,,,,,,,,,,application_1726669773678_0063,2024-09-20T17:09:19
,,,,,,,,,,,,,application_1726669773678_0063,2024-09-20T17:09:21
,,,,,,,,,,,,,application_1726669773678_0063,2024-09-20T17:09:23
,,,,,,,,,,,,,application_1726669773678_0063,2024-09-20T17:09:25
,,,,,,,,,,,,,application_1726669773678_0063,2024-09-20T17:09:27
,,,,,,,,,,,,,application_1726669773678_0063,2024-09-20T17:09:29
,,,,,,,,,,,,,application_1726669773678_0063,2024-09-20T17:09:31
,,,,,,,,,,,,,application_1726669773678_0063,2024-09-20T17:09:33
,,,,,,,,,,,,,application_1726669773678_0063,2024-09-20T17:09:35
,,,,,,,,,,,,,application_1726669773678_0063,2024-09-20T17:09:37
,,,,,,,,,,,,,application_1726669773678_0063,2024-09-20T17:09:39
,,,,,,,,,,,,,application_1726669773678_0063,2024-09-20T17:09:40
,,,,,,,,,,,,,application_1726669773678_0063,2024-09-20T17:09:42
,,,,,,,,,,,,,application_1726669773678_0063,2024-09-20T17:09:44
,,,,,,,,,,,,,application_1726669773678_0063,2024-09-20T17:09:46
,,,,,,,,,,,,,application_1726669773678_0064,2024-09-20T17:11:00
,,,,,,,,,,,,,application_1726669773678_0064,2024-09-20T17:11:02
,,,,,,,,,,,,,application_1726669773678_0064,2024-09-20T17:11:04
,,,,,,,,,,,,,application_1726669773678_0064,2024-09-20T17:11:06
,,,,,,,,,,,,,application_1726669773678_0064,2024-09-20T17:11:08
,,,,,,,,,,,,,application_1726669773678_0064,2024-09-20T17:11:10
,,,,,,,,,,,,,application_1726669773678_0064,2024-09-20T17:11:12
,,,,,,,,,,,,,application_1726669773678_0064,2024-09-20T17:11:14
,,,,,,,,,,,,,application_1726669773678_0064,2024-09-20T17:11:16
,,,,,,,,,,,,,application_1726669773678_0064,2024-09-20T17:11:18
,,,,,,,,,,,,,application_1726669773678_0064,2024-09-20T17:11:20
,,,,,,,,,,,,,application_1726669773678_0064,2024-09-20T17:11:22
,,,,,,,,,,,,,application_1726669773678_0064,2024-09-20T17:11:24
,,,,,,,,,,,,,application_1726669773678_0064,2024-09-20T17:11:26
,,,,,,,,,,,,,application_1726669773678_0064,2024-09-20T17:11:29
,,,,,,,,,,,,,application_1726669773678_0064,2024-09-20T17:11:31
,,,,,,,,,,,,,application_1726669773678_0064,2024-09-20T17:11:33
,,,,,,,,,,,,,application_1726669773678_0064,2024-09-20T17:11:35
,,,,,,,,,,,,,application_1726669773678_0064,2024-09-20T17:11:37
,,,,,,,,,,,,,application_1726669773678_0064,2024-09-20T17:11:39
,,,,,,,,,,,,,application_1726669773678_0064,2024-09-20T17:11:41
,,,,,,,,,,,,,application_1726669773678_0064,2024-09-20T17:11:43
,,,,,,,,,,,,,application_1726669773678_0064,2024-09-20T17:11:45
,,,,,,,,,,,,,application_1726669773678_0064,2024-09-20T17:11:47
,,,,,,,,,,,,,application_1726669773678_0064,2024-09-20T17:11:49
,,,,,,,,,,,,,application_1726669773678_0064,2024-09-20T17:11:51
,,,,,,,,,,,,,application_1726669773678_0065,2024-09-20T17:13:07
,,,,,,,,,,,,,application_1726669773678_0065,2024-09-20T17:13:09
,,,,,,,,,,,,,application_1726669773678_0065,2024-09-20T17:13:11
,,,,,,,,,,,,,application_1726669773678_0065,2024-09-20T17:13:13
,,,,,,,,,,,,,application_1726669773678_0065,2024-09-20T17:13:15
,,,,,,,,,,,,,application_1726669773678_0065,2024-09-20T17:13:17
,,,,,,,,,,,,,application_1726669773678_0065,2024-09-20T17:13:19
,,,,,,,,,,,,,application_1726669773678_0065,2024-09-20T17:13:21
,,,,,,,,,,,,,application_1726669773678_0065,2024-09-20T17:13:23
,,,,,,,,,,,,,application_1726669773678_0065,2024-09-20T17:13:25
,,,,,,,,,,,,,application_1726669773678_0065,2024-09-20T17:13:27
,,,,,,,,,,,,,application_1726669773678_0065,2024-09-20T17:13:29
,,,,,,,,,,,,,application_1726669773678_0065,2024-09-20T17:13:31
,,,,,,,,,,,,,application_1726669773678_0065,2024-09-20T17:13:33
,,,,,,,,,,,,,application_1726669773678_0065,2024-09-20T17:13:35
,,,,,,,,,,,,,application_1726669773678_0065,2024-09-20T17:13:37
,,,,,,,,,,,,,application_1726669773678_0065,2024-09-20T17:13:39
,,,,,,,,,,,,,application_1726669773678_0065,2024-09-20T17:13:41
,,,,,,,,,,,,,application_1726669773678_0065,2024-09-20T17:13:43
,,,,,,,,,,,,,application_1726669773678_0065,2024-09-20T17:13:45
,,,,,,,,,,,,,application_1726669773678_0065,2024-09-20T17:13:47
,,,,,,,,,,,,,application_1726669773678_0065,2024-09-20T17:13:49
,,,,,,,,,,,,,application_1726669773678_0065,2024-09-20T17:13:51
,,,,,,,,,,,,,application_1726669773678_0065,2024-09-20T17:13:54
,,,,,,,,,,,,,application_1726669773678_0065,2024-09-20T17:13:56
,,,,,,,,,,,,,application_1726669773678_0065,2024-09-20T17:13:58
,,,,,,,,,,,,,application_1726669773678_0065,2024-09-20T17:14:00
,,,,,,,,,,,,,application_1726669773678_0065,2024-09-20T17:14:02
,,,,,,,,,,,,,application_1726669773678_0065,2024-09-20T17:14:04
,,,,,,,,,,,,,application_1726669773678_0065,2024-09-20T17:14:06
,,,,,,,,,,,,,application_1726669773678_0066,2024-09-20T17:15:20
,,,,,,,,,,,,,application_1726669773678_0066,2024-09-20T17:15:22
,,,,,,,,,,,,,application_1726669773678_0066,2024-09-20T17:15:24
,,,,,,,,,,,,,application_1726669773678_0066,2024-09-20T17:15:26
,,,,,,,,,,,,,application_1726669773678_0066,2024-09-20T17:15:28
,,,,,,,,,,,,,application_1726669773678_0066,2024-09-20T17:15:30
,,,,,,,,,,,,,application_1726669773678_0066,2024-09-20T17:15:32
,,,,,,,,,,,,,application_1726669773678_0066,2024-09-20T17:15:34
,,,,,,,,,,,,,application_1726669773678_0066,2024-09-20T17:15:36
,,,,,,,,,,,,,application_1726669773678_0066,2024-09-20T17:15:38
,,,,,,,,,,,,,application_1726669773678_0066,2024-09-20T17:15:40
,,,,,,,,,,,,,application_1726669773678_0066,2024-09-20T17:15:42
,,,,,,,,,,,,,application_1726669773678_0066,2024-09-20T17:15:44
,,,,,,,,,,,,,application_1726669773678_0066,2024-09-20T17:15:46
,,,,,,,,,,,,,application_1726669773678_0066,2024-09-20T17:15:48
,,,,,,,,,,,,,application_1726669773678_0066,2024-09-20T17:15:50
,,,,,,,,,,,,,application_1726669773678_0066,2024-09-20T17:15:52
,,,,,,,,,,,,,application_1726669773678_0066,2024-09-20T17:15:54
,,,,,,,,,,,,,application_1726669773678_0066,2024-09-20T17:15:56
,,,,,,,,,,,,,application_1726669773678_0066,2024-09-20T17:15:58
,,,,,,,,,,,,,application_1726669773678_0066,2024-09-20T17:16:00
,,,,,,,,,,,,,application_1726669773678_0066,2024-09-20T17:16:02
,,,,,,,,,,,,,application_1726669773678_0066,2024-09-20T17:16:04
,,,,,,,,,,,,,application_1726669773678_0066,2024-09-20T17:16:06
,,,,,,,,,,,,,application_1726669773678_0066,2024-09-20T17:16:08
,,,,,,,,,,,,,application_1726669773678_0067,2024-09-20T17:17:23
,,,,,,,,,,,,,application_1726669773678_0067,2024-09-20T17:17:25
,,,,,,,,,,,,,application_1726669773678_0067,2024-09-20T17:17:27
,,,,,,,,,,,,,application_1726669773678_0067,2024-09-20T17:17:29
,,,,,,,,,,,,,application_1726669773678_0067,2024-09-20T17:17:31
,,,,,,,,,,,,,application_1726669773678_0067,2024-09-20T17:17:33
,,,,,,,,,,,,,application_1726669773678_0067,2024-09-20T17:17:35
,,,,,,,,,,,,,application_1726669773678_0067,2024-09-20T17:17:37
,,,,,,,,,,,,,application_1726669773678_0067,2024-09-20T17:17:39
,,,,,,,,,,,,,application_1726669773678_0067,2024-09-20T17:17:41
,,,,,,,,,,,,,application_1726669773678_0067,2024-09-20T17:17:43
,,,,,,,,,,,,,application_1726669773678_0067,2024-09-20T17:17:45
,,,,,,,,,,,,,application_1726669773678_0067,2024-09-20T17:17:47
,,,,,,,,,,,,,application_1726669773678_0067,2024-09-20T17:17:49
,,,,,,,,,,,,,application_1726669773678_0067,2024-09-20T17:17:51
,,,,,,,,,,,,,application_1726669773678_0067,2024-09-20T17:17:53
,,,,,,,,,,,,,application_1726669773678_0067,2024-09-20T17:17:55
,,,,,,,,,,,,,application_1726669773678_0067,2024-09-20T17:17:57
,,,,,,,,,,,,,application_1726669773678_0067,2024-09-20T17:17:59
,,,,,,,,,,,,,application_1726669773678_0067,2024-09-20T17:18:01
,,,,,,,,,,,,,application_1726669773678_0067,2024-09-20T17:18:03
,,,,,,,,,,,,,application_1726669773678_0067,2024-09-20T17:18:05
,,,,,,,,,,,,,application_1726669773678_0067,2024-09-20T17:18:07
,,,,,,,,,,,,,application_1726669773678_0067,2024-09-20T17:18:09
,,,,,,,,,,,,,application_1726669773678_0067,2024-09-20T17:18:11
,,,,,,,,,,,,,application_1726669773678_0067,2024-09-20T17:18:13
,,,,,,,,,,,,,application_1726669773678_0067,2024-09-20T17:18:15
,,,,,,,,,,,,,application_1726669773678_0067,2024-09-20T17:18:17
,,,,,,,,,,,,,application_1726669773678_0067,2024-09-20T17:18:19
,,,,,,,,,,,,,application_1726669773678_0067,2024-09-20T17:18:21
,,,,,,,,,,,,,application_1726669773678_0067,2024-09-20T17:18:23
,,,,,,,,,,,,,application_1726669773678_0067,2024-09-20T17:18:25
,,,,,,,,,,,,,application_1726669773678_0068,2024-09-20T17:19:40
,,,,,,,,,,,,,application_1726669773678_0068,2024-09-20T17:19:42
,,,,,,,,,,,,,application_1726669773678_0068,2024-09-20T17:19:44
,,,,,,,,,,,,,application_1726669773678_0068,2024-09-20T17:19:46
,,,,,,,,,,,,,application_1726669773678_0068,2024-09-20T17:19:48
,,,,,,,,,,,,,application_1726669773678_0068,2024-09-20T17:19:50
,,,,,,,,,,,,,application_1726669773678_0068,2024-09-20T17:19:52
,,,,,,,,,,,,,application_1726669773678_0068,2024-09-20T17:19:54
,,,,,,,,,,,,,application_1726669773678_0068,2024-09-20T17:19:56
,,,,,,,,,,,,,application_1726669773678_0068,2024-09-20T17:19:58
,,,,,,,,,,,,,application_1726669773678_0068,2024-09-20T17:20:00
,,,,,,,,,,,,,application_1726669773678_0068,2024-09-20T17:20:02
,,,,,,,,,,,,,application_1726669773678_0068,2024-09-20T17:20:04
,,,,,,,,,,,,,application_1726669773678_0068,2024-09-20T17:20:06
,,,,,,,,,,,,,application_1726669773678_0068,2024-09-20T17:20:08
,,,,,,,,,,,,,application_1726669773678_0068,2024-09-20T17:20:10
,,,,,,,,,,,,,application_1726669773678_0068,2024-09-20T17:20:12
,,,,,,,,,,,,,application_1726669773678_0068,2024-09-20T17:20:14
,,,,,,,,,,,,,application_1726669773678_0068,2024-09-20T17:20:16
,,,,,,,,,,,,,application_1726669773678_0068,2024-09-20T17:20:18
,,,,,,,,,,,,,application_1726669773678_0068,2024-09-20T17:20:20
,,,,,,,,,,,,,application_1726669773678_0068,2024-09-20T17:20:22
,,,,,,,,,,,,,application_1726669773678_0068,2024-09-20T17:20:24
,,,,,,,,,,,,,application_1726669773678_0068,2024-09-20T17:20:26
,,,,,,,,,,,,,application_1726669773678_0068,2024-09-20T17:20:28
,,,,,,,,,,,,,application_1726669773678_0068,2024-09-20T17:20:30
,,,,,,,,,,,,,application_1726669773678_0068,2024-09-20T17:20:32
,,,,,,,,,,,,,application_1726669773678_0068,2024-09-20T17:20:34
,,,,,,,,,,,,,application_1726669773678_0068,2024-09-20T17:20:36
,,,,,,,,,,,,,application_1726669773678_0069,2024-09-20T17:21:53
,,,,,,,,,,,,,application_1726669773678_0069,2024-09-20T17:21:55
,,,,,,,,,,,,,application_1726669773678_0069,2024-09-20T17:21:57
,,,,,,,,,,,,,application_1726669773678_0069,2024-09-20T17:21:59
,,,,,,,,,,,,,application_1726669773678_0069,2024-09-20T17:22:01
,,,,,,,,,,,,,application_1726669773678_0069,2024-09-20T17:22:03
,,,,,,,,,,,,,application_1726669773678_0069,2024-09-20T17:22:05
,,,,,,,,,,,,,application_1726669773678_0069,2024-09-20T17:22:07
,,,,,,,,,,,,,application_1726669773678_0069,2024-09-20T17:22:09
,,,,,,,,,,,,,application_1726669773678_0069,2024-09-20T17:22:11
,,,,,,,,,,,,,application_1726669773678_0069,2024-09-20T17:22:13
,,,,,,,,,,,,,application_1726669773678_0069,2024-09-20T17:22:15
,,,,,,,,,,,,,application_1726669773678_0069,2024-09-20T17:22:17
,,,,,,,,,,,,,application_1726669773678_0069,2024-09-20T17:22:19
,,,,,,,,,,,,,application_1726669773678_0069,2024-09-20T17:22:21
,,,,,,,,,,,,,application_1726669773678_0069,2024-09-20T17:22:23
,,,,,,,,,,,,,application_1726669773678_0069,2024-09-20T17:22:25
,,,,,,,,,,,,,application_1726669773678_0069,2024-09-20T17:22:27
,,,,,,,,,,,,,application_1726669773678_0069,2024-09-20T17:22:29
,,,,,,,,,,,,,application_1726669773678_0069,2024-09-20T17:22:31
,,,,,,,,,,,,,application_1726669773678_0069,2024-09-20T17:22:33
,,,,,,,,,,,,,application_1726669773678_0069,2024-09-20T17:22:35
,,,,,,,,,,,,,application_1726669773678_0069,2024-09-20T17:22:37
,,,,,,,,,,,,,application_1726669773678_0069,2024-09-20T17:22:39
,,,,,,,,,,,,,application_1726669773678_0069,2024-09-20T17:22:41
,,,,,,,,,,,,,application_1726669773678_0069,2024-09-20T17:22:43
,,,,,,,,,,,,,application_1726669773678_0070,2024-09-20T17:24:00
,,,,,,,,,,,,,application_1726669773678_0070,2024-09-20T17:24:02
,,,,,,,,,,,,,application_1726669773678_0070,2024-09-20T17:24:04
,,,,,,,,,,,,,application_1726669773678_0070,2024-09-20T17:24:06
,,,,,,,,,,,,,application_1726669773678_0070,2024-09-20T17:24:08
,,,,,,,,,,,,,application_1726669773678_0070,2024-09-20T17:24:10
,,,,,,,,,,,,,application_1726669773678_0070,2024-09-20T17:24:12
,,,,,,,,,,,,,application_1726669773678_0070,2024-09-20T17:24:14
,,,,,,,,,,,,,application_1726669773678_0070,2024-09-20T17:24:16
,,,,,,,,,,,,,application_1726669773678_0070,2024-09-20T17:24:18
,,,,,,,,,,,,,application_1726669773678_0070,2024-09-20T17:24:20
,,,,,,,,,,,,,application_1726669773678_0070,2024-09-20T17:24:22
,,,,,,,,,,,,,application_1726669773678_0070,2024-09-20T17:24:24
,,,,,,,,,,,,,application_1726669773678_0070,2024-09-20T17:24:26
,,,,,,,,,,,,,application_1726669773678_0070,2024-09-20T17:24:28
,,,,,,,,,,,,,application_1726669773678_0070,2024-09-20T17:24:30
,,,,,,,,,,,,,application_1726669773678_0070,2024-09-20T17:24:32
,,,,,,,,,,,,,application_1726669773678_0070,2024-09-20T17:24:34
,,,,,,,,,,,,,application_1726669773678_0070,2024-09-20T17:24:36
,,,,,,,,,,,,,application_1726669773678_0070,2024-09-20T17:24:38
,,,,,,,,,,,,,application_1726669773678_0070,2024-09-20T17:24:40
,,,,,,,,,,,,,application_1726669773678_0070,2024-09-20T17:24:42
,,,,,,,,,,,,,application_1726669773678_0070,2024-09-20T17:24:44
,,,,,,,,,,,,,application_1726669773678_0070,2024-09-20T17:24:46
,,,,,,,,,,,,,application_1726669773678_0070,2024-09-20T17:24:48
,,,,,,,,,,,,,application_1726669773678_0070,2024-09-20T17:24:50
,,,,,,,,,,,,,application_1726669773678_0070,2024-09-20T17:24:52
,,,,,,,,,,,,,application_1726669773678_0070,2024-09-20T17:24:54
,,,,,,,,,,,,,application_1726669773678_0070,2024-09-20T17:24:56
,,,,,,,,,,,,,application_1726669773678_0070,2024-09-20T17:24:58
,,,,,,,,,,,,,application_1726669773678_0070,2024-09-20T17:25:00
,,,,,,,,,,,,,application_1726669773678_0070,2024-09-20T17:25:02
,,,,,,,,,,,,,application_1726669773678_0070,2024-09-20T17:25:04
,,,,,,,,,,,,,application_1726669773678_0070,2024-09-20T17:25:06
,,,,,,,,,,,,,application_1726669773678_0070,2024-09-20T17:25:08
,,,,,,,,,,,,,application_1726669773678_0070,2024-09-20T17:25:10
,,,,,,,,,,,,,application_1726669773678_0071,2024-09-20T17:26:25
,,,,,,,,,,,,,application_1726669773678_0071,2024-09-20T17:26:27
,,,,,,,,,,,,,application_1726669773678_0071,2024-09-20T17:26:29
,,,,,,,,,,,,,application_1726669773678_0071,2024-09-20T17:26:31
,,,,,,,,,,,,,application_1726669773678_0071,2024-09-20T17:26:33
,,,,,,,,,,,,,application_1726669773678_0071,2024-09-20T17:26:35
,,,,,,,,,,,,,application_1726669773678_0071,2024-09-20T17:26:37
,,,,,,,,,,,,,application_1726669773678_0071,2024-09-20T17:26:39
,,,,,,,,,,,,,application_1726669773678_0071,2024-09-20T17:26:41
,,,,,,,,,,,,,application_1726669773678_0071,2024-09-20T17:26:43
,,,,,,,,,,,,,application_1726669773678_0071,2024-09-20T17:26:45
,,,,,,,,,,,,,application_1726669773678_0071,2024-09-20T17:26:47
,,,,,,,,,,,,,application_1726669773678_0071,2024-09-20T17:26:49
,,,,,,,,,,,,,application_1726669773678_0071,2024-09-20T17:26:51
,,,,,,,,,,,,,application_1726669773678_0071,2024-09-20T17:26:53
,,,,,,,,,,,,,application_1726669773678_0071,2024-09-20T17:26:55
,,,,,,,,,,,,,application_1726669773678_0071,2024-09-20T17:26:57
,,,,,,,,,,,,,application_1726669773678_0071,2024-09-20T17:26:59
,,,,,,,,,,,,,application_1726669773678_0071,2024-09-20T17:27:01
,,,,,,,,,,,,,application_1726669773678_0071,2024-09-20T17:27:03
,,,,,,,,,,,,,application_1726669773678_0071,2024-09-20T17:27:05
,,,,,,,,,,,,,application_1726669773678_0071,2024-09-20T17:27:07
,,,,,,,,,,,,,application_1726669773678_0071,2024-09-20T17:27:09
,,,,,,,,,,,,,application_1726669773678_0071,2024-09-20T17:27:11
,,,,,,,,,,,,,application_1726669773678_0071,2024-09-20T17:27:13
,,,,,,,,,,,,,application_1726669773678_0071,2024-09-20T17:27:15
,,,,,,,,,,,,,application_1726669773678_0071,2024-09-20T17:27:17
,,,,,,,,,,,,,application_1726669773678_0071,2024-09-20T17:27:19
,,,,,,,,,,,,,application_1726669773678_0071,2024-09-20T17:27:21
,,,,,,,,,,,,,application_1726669773678_0071,2024-09-20T17:27:23
,,,,,,,,,,,,,application_1726669773678_0071,2024-09-20T17:27:25
,,,,,,,,,,,,,application_1726669773678_0071,2024-09-20T17:27:27
,,,,,,,,,,,,,application_1726669773678_0071,2024-09-20T17:27:29
,,,,,,,,,,,,,application_1726669773678_0071,2024-09-20T17:27:31
,,,,,,,,,,,,,application_1726669773678_0071,2024-09-20T17:27:33
,,,,,,,,,,,,,application_1726669773678_0071,2024-09-20T17:27:35
,,,,,,,,,,,,,application_1726669773678_0071,2024-09-20T17:27:37
,,,,,,,,,,,,,application_1726669773678_0071,2024-09-20T17:27:39
,,,,,,,,,,,,,application_1726669773678_0072,2024-09-20T17:28:54
,,,,,,,,,,,,,application_1726669773678_0072,2024-09-20T17:28:56
,,,,,,,,,,,,,application_1726669773678_0072,2024-09-20T17:28:58
,,,,,,,,,,,,,application_1726669773678_0072,2024-09-20T17:29:00
,,,,,,,,,,,,,application_1726669773678_0072,2024-09-20T17:29:02
,,,,,,,,,,,,,application_1726669773678_0072,2024-09-20T17:29:04
,,,,,,,,,,,,,application_1726669773678_0072,2024-09-20T17:29:06
,,,,,,,,,,,,,application_1726669773678_0072,2024-09-20T17:29:08
,,,,,,,,,,,,,application_1726669773678_0072,2024-09-20T17:29:10
,,,,,,,,,,,,,application_1726669773678_0072,2024-09-20T17:29:12
,,,,,,,,,,,,,application_1726669773678_0072,2024-09-20T17:29:14
,,,,,,,,,,,,,application_1726669773678_0072,2024-09-20T17:29:16
,,,,,,,,,,,,,application_1726669773678_0072,2024-09-20T17:29:18
,,,,,,,,,,,,,application_1726669773678_0072,2024-09-20T17:29:20
,,,,,,,,,,,,,application_1726669773678_0072,2024-09-20T17:29:22
,,,,,,,,,,,,,application_1726669773678_0072,2024-09-20T17:29:24
,,,,,,,,,,,,,application_1726669773678_0072,2024-09-20T17:29:26
,,,,,,,,,,,,,application_1726669773678_0072,2024-09-20T17:29:28
,,,,,,,,,,,,,application_1726669773678_0072,2024-09-20T17:29:30
,,,,,,,,,,,,,application_1726669773678_0072,2024-09-20T17:29:32
,,,,,,,,,,,,,application_1726669773678_0072,2024-09-20T17:29:34
,,,,,,,,,,,,,application_1726669773678_0072,2024-09-20T17:29:36
,,,,,,,,,,,,,application_1726669773678_0072,2024-09-20T17:29:38
,,,,,,,,,,,,,application_1726669773678_0072,2024-09-20T17:29:40
,,,,,,,,,,,,,application_1726669773678_0072,2024-09-20T17:29:42
,,,,,,,,,,,,,application_1726669773678_0072,2024-09-20T17:29:44
,,,,,,,,,,,,,application_1726669773678_0072,2024-09-20T17:29:46
,,,,,,,,,,,,,application_1726669773678_0072,2024-09-20T17:29:48
,,,,,,,,,,,,,application_1726669773678_0072,2024-09-20T17:29:50
,,,,,,,,,,,,,application_1726669773678_0072,2024-09-20T17:29:52
,,,,,,,,,,,,,application_1726669773678_0072,2024-09-20T17:29:54
,,,,,,,,,,,,,application_1726669773678_0072,2024-09-20T17:29:56
,,,,,,,,,,,,,application_1726669773678_0072,2024-09-20T17:29:58
,,,,,,,,,,,,,application_1726669773678_0072,2024-09-20T17:30:00
,,,,,,,,,,,,,application_1726669773678_0072,2024-09-20T17:30:02
,,,,,,,,,,,,,application_1726669773678_0072,2024-09-20T17:30:04
,,,,,,,,,,,,,application_1726669773678_0072,2024-09-20T17:30:06
,,,,,,,,,,,,,application_1726669773678_0073,2024-09-20T17:31:23
,,,,,,,,,,,,,application_1726669773678_0073,2024-09-20T17:31:25
,,,,,,,,,,,,,application_1726669773678_0073,2024-09-20T17:31:27
,,,,,,,,,,,,,application_1726669773678_0073,2024-09-20T17:31:29
,,,,,,,,,,,,,application_1726669773678_0073,2024-09-20T17:31:31
,,,,,,,,,,,,,application_1726669773678_0073,2024-09-20T17:31:33
,,,,,,,,,,,,,application_1726669773678_0073,2024-09-20T17:31:35
,,,,,,,,,,,,,application_1726669773678_0073,2024-09-20T17:31:37
,,,,,,,,,,,,,application_1726669773678_0073,2024-09-20T17:31:39
,,,,,,,,,,,,,application_1726669773678_0073,2024-09-20T17:31:41
,,,,,,,,,,,,,application_1726669773678_0073,2024-09-20T17:31:43
,,,,,,,,,,,,,application_1726669773678_0073,2024-09-20T17:31:45
,,,,,,,,,,,,,application_1726669773678_0073,2024-09-20T17:31:47
,,,,,,,,,,,,,application_1726669773678_0073,2024-09-20T17:31:49
,,,,,,,,,,,,,application_1726669773678_0073,2024-09-20T17:31:51
,,,,,,,,,,,,,application_1726669773678_0073,2024-09-20T17:31:53
,,,,,,,,,,,,,application_1726669773678_0073,2024-09-20T17:31:55
,,,,,,,,,,,,,application_1726669773678_0073,2024-09-20T17:31:57
,,,,,,,,,,,,,application_1726669773678_0073,2024-09-20T17:31:59
,,,,,,,,,,,,,application_1726669773678_0073,2024-09-20T17:32:01
,,,,,,,,,,,,,application_1726669773678_0073,2024-09-20T17:32:03
,,,,,,,,,,,,,application_1726669773678_0073,2024-09-20T17:32:05
,,,,,,,,,,,,,application_1726669773678_0073,2024-09-20T17:32:07
,,,,,,,,,,,,,application_1726669773678_0073,2024-09-20T17:32:09
,,,,,,,,,,,,,application_1726669773678_0073,2024-09-20T17:32:11
,,,,,,,,,,,,,application_1726669773678_0073,2024-09-20T17:32:13
,,,,,,,,,,,,,application_1726669773678_0073,2024-09-20T17:32:15
,,,,,,,,,,,,,application_1726669773678_0073,2024-09-20T17:32:17
,,,,,,,,,,,,,application_1726669773678_0073,2024-09-20T17:32:19
,,,,,,,,,,,,,application_1726669773678_0073,2024-09-20T17:32:21
,,,,,,,,,,,,,application_1726669773678_0073,2024-09-20T17:32:23
,,,,,,,,,,,,,application_1726669773678_0073,2024-09-20T17:32:25
,,,,,,,,,,,,,application_1726669773678_0073,2024-09-20T17:32:28
,,,,,,,,,,,,,application_1726669773678_0073,2024-09-20T17:32:30
,,,,,,,,,,,,,application_1726669773678_0074,2024-09-20T17:33:46
,,,,,,,,,,,,,application_1726669773678_0074,2024-09-20T17:33:48
,,,,,,,,,,,,,application_1726669773678_0074,2024-09-20T17:33:50
,,,,,,,,,,,,,application_1726669773678_0074,2024-09-20T17:33:52
,,,,,,,,,,,,,application_1726669773678_0074,2024-09-20T17:33:54
,,,,,,,,,,,,,application_1726669773678_0074,2024-09-20T17:33:56
,,,,,,,,,,,,,application_1726669773678_0074,2024-09-20T17:33:58
,,,,,,,,,,,,,application_1726669773678_0074,2024-09-20T17:34:00
,,,,,,,,,,,,,application_1726669773678_0074,2024-09-20T17:34:02
,,,,,,,,,,,,,application_1726669773678_0074,2024-09-20T17:34:04
,,,,,,,,,,,,,application_1726669773678_0074,2024-09-20T17:34:06
,,,,,,,,,,,,,application_1726669773678_0074,2024-09-20T17:34:08
,,,,,,,,,,,,,application_1726669773678_0074,2024-09-20T17:34:10
,,,,,,,,,,,,,application_1726669773678_0074,2024-09-20T17:34:12
,,,,,,,,,,,,,application_1726669773678_0074,2024-09-20T17:34:14
,,,,,,,,,,,,,application_1726669773678_0074,2024-09-20T17:34:16
,,,,,,,,,,,,,application_1726669773678_0074,2024-09-20T17:34:18
,,,,,,,,,,,,,application_1726669773678_0074,2024-09-20T17:34:20
,,,,,,,,,,,,,application_1726669773678_0074,2024-09-20T17:34:22
,,,,,,,,,,,,,application_1726669773678_0074,2024-09-20T17:34:24
,,,,,,,,,,,,,application_1726669773678_0074,2024-09-20T17:34:26
,,,,,,,,,,,,,application_1726669773678_0074,2024-09-20T17:34:28
,,,,,,,,,,,,,application_1726669773678_0074,2024-09-20T17:34:30
,,,,,,,,,,,,,application_1726669773678_0074,2024-09-20T17:34:32
,,,,,,,,,,,,,application_1726669773678_0074,2024-09-20T17:34:34
,,,,,,,,,,,,,application_1726669773678_0074,2024-09-20T17:34:37
,,,,,,,,,,,,,application_1726669773678_0074,2024-09-20T17:34:39
,,,,,,,,,,,,,application_1726669773678_0074,2024-09-20T17:34:41
,,,,,,,,,,,,,application_1726669773678_0074,2024-09-20T17:34:43
,,,,,,,,,,,,,application_1726669773678_0074,2024-09-20T17:34:45
,,,,,,,,,,,,,application_1726669773678_0074,2024-09-20T17:34:47
,,,,,,,,,,,,,application_1726669773678_0074,2024-09-20T17:34:49
,,,,,,,,,,,,,application_1726669773678_0075,2024-09-20T17:36:03
,,,,,,,,,,,,,application_1726669773678_0075,2024-09-20T17:36:05
,,,,,,,,,,,,,application_1726669773678_0075,2024-09-20T17:36:07
,,,,,,,,,,,,,application_1726669773678_0075,2024-09-20T17:36:09
,,,,,,,,,,,,,application_1726669773678_0075,2024-09-20T17:36:11
,,,,,,,,,,,,,application_1726669773678_0075,2024-09-20T17:36:13
,,,,,,,,,,,,,application_1726669773678_0075,2024-09-20T17:36:15
,,,,,,,,,,,,,application_1726669773678_0075,2024-09-20T17:36:17
,,,,,,,,,,,,,application_1726669773678_0075,2024-09-20T17:36:19
,,,,,,,,,,,,,application_1726669773678_0075,2024-09-20T17:36:21
,,,,,,,,,,,,,application_1726669773678_0075,2024-09-20T17:36:23
,,,,,,,,,,,,,application_1726669773678_0075,2024-09-20T17:36:25
,,,,,,,,,,,,,application_1726669773678_0075,2024-09-20T17:36:27
,,,,,,,,,,,,,application_1726669773678_0075,2024-09-20T17:36:29
,,,,,,,,,,,,,application_1726669773678_0075,2024-09-20T17:36:31
,,,,,,,,,,,,,application_1726669773678_0075,2024-09-20T17:36:33
,,,,,,,,,,,,,application_1726669773678_0075,2024-09-20T17:36:35
,,,,,,,,,,,,,application_1726669773678_0075,2024-09-20T17:36:37
,,,,,,,,,,,,,application_1726669773678_0075,2024-09-20T17:36:39
,,,,,,,,,,,,,application_1726669773678_0075,2024-09-20T17:36:41
,,,,,,,,,,,,,application_1726669773678_0075,2024-09-20T17:36:43
,,,,,,,,,,,,,application_1726669773678_0075,2024-09-20T17:36:45
,,,,,,,,,,,,,application_1726669773678_0075,2024-09-20T17:36:47
,,,,,,,,,,,,,application_1726669773678_0075,2024-09-20T17:36:49
,,,,,,,,,,,,,application_1726669773678_0075,2024-09-20T17:36:51
,,,,,,,,,,,,,application_1726669773678_0075,2024-09-20T17:36:53
,,,,,,,,,,,,,application_1726669773678_0075,2024-09-20T17:36:56
,,,,,,,,,,,,,application_1726669773678_0075,2024-09-20T17:36:58
,,,,,,,,,,,,,application_1726669773678_0075,2024-09-20T17:37:00
,,,,,,,,,,,,,application_1726669773678_0076,2024-09-20T17:38:16
,,,,,,,,,,,,,application_1726669773678_0076,2024-09-20T17:38:18
,,,,,,,,,,,,,application_1726669773678_0076,2024-09-20T17:38:20
,,,,,,,,,,,,,application_1726669773678_0076,2024-09-20T17:38:22
,,,,,,,,,,,,,application_1726669773678_0076,2024-09-20T17:38:24
,,,,,,,,,,,,,application_1726669773678_0076,2024-09-20T17:38:26
,,,,,,,,,,,,,application_1726669773678_0076,2024-09-20T17:38:28
,,,,,,,,,,,,,application_1726669773678_0076,2024-09-20T17:38:30
,,,,,,,,,,,,,application_1726669773678_0076,2024-09-20T17:38:32
,,,,,,,,,,,,,application_1726669773678_0076,2024-09-20T17:38:34
,,,,,,,,,,,,,application_1726669773678_0076,2024-09-20T17:38:36
,,,,,,,,,,,,,application_1726669773678_0076,2024-09-20T17:38:38
,,,,,,,,,,,,,application_1726669773678_0076,2024-09-20T17:38:40
,,,,,,,,,,,,,application_1726669773678_0076,2024-09-20T17:38:42
,,,,,,,,,,,,,application_1726669773678_0076,2024-09-20T17:38:44
,,,,,,,,,,,,,application_1726669773678_0076,2024-09-20T17:38:46
,,,,,,,,,,,,,application_1726669773678_0076,2024-09-20T17:38:48
,,,,,,,,,,,,,application_1726669773678_0076,2024-09-20T17:38:50
,,,,,,,,,,,,,application_1726669773678_0076,2024-09-20T17:38:52
,,,,,,,,,,,,,application_1726669773678_0076,2024-09-20T17:38:54
,,,,,,,,,,,,,application_1726669773678_0076,2024-09-20T17:38:56
,,,,,,,,,,,,,application_1726669773678_0076,2024-09-20T17:38:58
,,,,,,,,,,,,,application_1726669773678_0076,2024-09-20T17:39:00
,,,,,,,,,,,,,application_1726669773678_0076,2024-09-20T17:39:02
,,,,,,,,,,,,,application_1726669773678_0076,2024-09-20T17:39:04
,,,,,,,,,,,,,application_1726669773678_0076,2024-09-20T17:39:06
,,,,,,,,,,,,,application_1726669773678_0076,2024-09-20T17:39:08
,,,,,,,,,,,,,application_1726669773678_0076,2024-09-20T17:39:10
,,,,,,,,,,,,,application_1726669773678_0076,2024-09-20T17:39:13
,,,,,,,,,,,,,application_1726669773678_0076,2024-09-20T17:39:15
,,,,,,,,,,,,,application_1726669773678_0076,2024-09-20T17:39:17
,,,,,,,,,,,,,application_1726669773678_0077,2024-09-20T17:40:33
,,,,,,,,,,,,,application_1726669773678_0077,2024-09-20T17:40:35
,,,,,,,,,,,,,application_1726669773678_0077,2024-09-20T17:40:37
,,,,,,,,,,,,,application_1726669773678_0077,2024-09-20T17:40:39
,,,,,,,,,,,,,application_1726669773678_0077,2024-09-20T17:40:41
,,,,,,,,,,,,,application_1726669773678_0077,2024-09-20T17:40:43
,,,,,,,,,,,,,application_1726669773678_0077,2024-09-20T17:40:45
,,,,,,,,,,,,,application_1726669773678_0077,2024-09-20T17:40:47
,,,,,,,,,,,,,application_1726669773678_0077,2024-09-20T17:40:49
,,,,,,,,,,,,,application_1726669773678_0077,2024-09-20T17:40:51
,,,,,,,,,,,,,application_1726669773678_0077,2024-09-20T17:40:53
,,,,,,,,,,,,,application_1726669773678_0077,2024-09-20T17:40:55
,,,,,,,,,,,,,application_1726669773678_0077,2024-09-20T17:40:57
,,,,,,,,,,,,,application_1726669773678_0077,2024-09-20T17:40:59
,,,,,,,,,,,,,application_1726669773678_0077,2024-09-20T17:41:01
,,,,,,,,,,,,,application_1726669773678_0077,2024-09-20T17:41:03
,,,,,,,,,,,,,application_1726669773678_0077,2024-09-20T17:41:05
,,,,,,,,,,,,,application_1726669773678_0077,2024-09-20T17:41:07
,,,,,,,,,,,,,application_1726669773678_0077,2024-09-20T17:41:09
,,,,,,,,,,,,,application_1726669773678_0077,2024-09-20T17:41:11
,,,,,,,,,,,,,application_1726669773678_0077,2024-09-20T17:41:13
,,,,,,,,,,,,,application_1726669773678_0077,2024-09-20T17:41:15
,,,,,,,,,,,,,application_1726669773678_0077,2024-09-20T17:41:18
,,,,,,,,,,,,,application_1726669773678_0077,2024-09-20T17:41:20
,,,,,,,,,,,,,application_1726669773678_0077,2024-09-20T17:41:22
,,,,,,,,,,,,,application_1726669773678_0077,2024-09-20T17:41:24
,,,,,,,,,,,,,application_1726669773678_0077,2024-09-20T17:41:26
,,,,,,,,,,,,,application_1726669773678_0077,2024-09-20T17:41:28
,,,,,,,,,,,,,application_1726669773678_0078,2024-09-20T17:42:42
,,,,,,,,,,,,,application_1726669773678_0078,2024-09-20T17:42:44
,,,,,,,,,,,,,application_1726669773678_0078,2024-09-20T17:42:46
,,,,,,,,,,,,,application_1726669773678_0078,2024-09-20T17:42:48
,,,,,,,,,,,,,application_1726669773678_0078,2024-09-20T17:42:50
,,,,,,,,,,,,,application_1726669773678_0078,2024-09-20T17:42:52
,,,,,,,,,,,,,application_1726669773678_0078,2024-09-20T17:42:54
,,,,,,,,,,,,,application_1726669773678_0078,2024-09-20T17:42:56
,,,,,,,,,,,,,application_1726669773678_0078,2024-09-20T17:42:58
,,,,,,,,,,,,,application_1726669773678_0078,2024-09-20T17:43:00
,,,,,,,,,,,,,application_1726669773678_0078,2024-09-20T17:43:02
,,,,,,,,,,,,,application_1726669773678_0078,2024-09-20T17:43:04
,,,,,,,,,,,,,application_1726669773678_0078,2024-09-20T17:43:06
,,,,,,,,,,,,,application_1726669773678_0078,2024-09-20T17:43:08
,,,,,,,,,,,,,application_1726669773678_0078,2024-09-20T17:43:10
,,,,,,,,,,,,,application_1726669773678_0078,2024-09-20T17:43:12
,,,,,,,,,,,,,application_1726669773678_0078,2024-09-20T17:43:15
,,,,,,,,,,,,,application_1726669773678_0078,2024-09-20T17:43:17
,,,,,,,,,,,,,application_1726669773678_0078,2024-09-20T17:43:19
,,,,,,,,,,,,,application_1726669773678_0078,2024-09-20T17:43:21
,,,,,,,,,,,,,application_1726669773678_0078,2024-09-20T17:43:23
,,,,,,,,,,,,,application_1726669773678_0078,2024-09-20T17:43:25
,,,,,,,,,,,,,application_1726669773678_0078,2024-09-20T17:43:27
,,,,,,,,,,,,,application_1726669773678_0078,2024-09-20T17:43:29
,,,,,,,,,,,,,application_1726669773678_0078,2024-09-20T17:43:31
,,,,,,,,,,,,,application_1726669773678_0078,2024-09-20T17:43:33
,,,,,,,,,,,,,application_1726669773678_0078,2024-09-20T17:43:35
,,,,,,,,,,,,,application_1726669773678_0079,2024-09-20T17:44:51
,,,,,,,,,,,,,application_1726669773678_0079,2024-09-20T17:44:53
,,,,,,,,,,,,,application_1726669773678_0079,2024-09-20T17:44:55
,,,,,,,,,,,,,application_1726669773678_0079,2024-09-20T17:44:57
,,,,,,,,,,,,,application_1726669773678_0079,2024-09-20T17:44:59
,,,,,,,,,,,,,application_1726669773678_0079,2024-09-20T17:45:01
,,,,,,,,,,,,,application_1726669773678_0079,2024-09-20T17:45:03
,,,,,,,,,,,,,application_1726669773678_0079,2024-09-20T17:45:05
,,,,,,,,,,,,,application_1726669773678_0079,2024-09-20T17:45:07
,,,,,,,,,,,,,application_1726669773678_0079,2024-09-20T17:45:09
,,,,,,,,,,,,,application_1726669773678_0079,2024-09-20T17:45:11
,,,,,,,,,,,,,application_1726669773678_0079,2024-09-20T17:45:13
,,,,,,,,,,,,,application_1726669773678_0079,2024-09-20T17:45:15
,,,,,,,,,,,,,application_1726669773678_0079,2024-09-20T17:45:17
,,,,,,,,,,,,,application_1726669773678_0079,2024-09-20T17:45:19
,,,,,,,,,,,,,application_1726669773678_0079,2024-09-20T17:45:21
,,,,,,,,,,,,,application_1726669773678_0079,2024-09-20T17:45:23
,,,,,,,,,,,,,application_1726669773678_0079,2024-09-20T17:45:25
,,,,,,,,,,,,,application_1726669773678_0079,2024-09-20T17:45:27
,,,,,,,,,,,,,application_1726669773678_0079,2024-09-20T17:45:30
,,,,,,,,,,,,,application_1726669773678_0079,2024-09-20T17:45:32
,,,,,,,,,,,,,application_1726669773678_0079,2024-09-20T17:45:34
,,,,,,,,,,,,,application_1726669773678_0079,2024-09-20T17:45:36
,,,,,,,,,,,,,application_1726669773678_0079,2024-09-20T17:45:38
,,,,,,,,,,,,,application_1726669773678_0079,2024-09-20T17:45:40
,,,,,,,,,,,,,application_1726669773678_0080,2024-09-20T17:46:56
,,,,,,,,,,,,,application_1726669773678_0080,2024-09-20T17:46:58
,,,,,,,,,,,,,application_1726669773678_0080,2024-09-20T17:47:00
,,,,,,,,,,,,,application_1726669773678_0080,2024-09-20T17:47:02
,,,,,,,,,,,,,application_1726669773678_0080,2024-09-20T17:47:04
,,,,,,,,,,,,,application_1726669773678_0080,2024-09-20T17:47:06
,,,,,,,,,,,,,application_1726669773678_0080,2024-09-20T17:47:08
,,,,,,,,,,,,,application_1726669773678_0080,2024-09-20T17:47:10
,,,,,,,,,,,,,application_1726669773678_0080,2024-09-20T17:47:12
,,,,,,,,,,,,,application_1726669773678_0080,2024-09-20T17:47:14
,,,,,,,,,,,,,application_1726669773678_0080,2024-09-20T17:47:16
,,,,,,,,,,,,,application_1726669773678_0080,2024-09-20T17:47:18
,,,,,,,,,,,,,application_1726669773678_0080,2024-09-20T17:47:20
,,,,,,,,,,,,,application_1726669773678_0080,2024-09-20T17:47:22
,,,,,,,,,,,,,application_1726669773678_0080,2024-09-20T17:47:24
,,,,,,,,,,,,,application_1726669773678_0080,2024-09-20T17:47:26
,,,,,,,,,,,,,application_1726669773678_0080,2024-09-20T17:47:28
,,,,,,,,,,,,,application_1726669773678_0080,2024-09-20T17:47:30
,,,,,,,,,,,,,application_1726669773678_0080,2024-09-20T17:47:32
,,,,,,,,,,,,,application_1726669773678_0080,2024-09-20T17:47:34
,,,,,,,,,,,,,application_1726669773678_0080,2024-09-20T17:47:37
,,,,,,,,,,,,,application_1726669773678_0080,2024-09-20T17:47:39
,,,,,,,,,,,,,application_1726669773678_0080,2024-09-20T17:47:41
,,,,,,,,,,,,,application_1726669773678_0080,2024-09-20T17:47:43
,,,,,,,,,,,,,application_1726669773678_0081,2024-09-20T17:48:59
,,,,,,,,,,,,,application_1726669773678_0081,2024-09-20T17:49:01
,,,,,,,,,,,,,application_1726669773678_0081,2024-09-20T17:49:03
,,,,,,,,,,,,,application_1726669773678_0081,2024-09-20T17:49:05
,,,,,,,,,,,,,application_1726669773678_0081,2024-09-20T17:49:07
,,,,,,,,,,,,,application_1726669773678_0081,2024-09-20T17:49:09
,,,,,,,,,,,,,application_1726669773678_0081,2024-09-20T17:49:11
,,,,,,,,,,,,,application_1726669773678_0081,2024-09-20T17:49:13
,,,,,,,,,,,,,application_1726669773678_0081,2024-09-20T17:49:15
,,,,,,,,,,,,,application_1726669773678_0081,2024-09-20T17:49:17
,,,,,,,,,,,,,application_1726669773678_0081,2024-09-20T17:49:19
,,,,,,,,,,,,,application_1726669773678_0081,2024-09-20T17:49:21
,,,,,,,,,,,,,application_1726669773678_0081,2024-09-20T17:49:23
,,,,,,,,,,,,,application_1726669773678_0081,2024-09-20T17:49:25
,,,,,,,,,,,,,application_1726669773678_0081,2024-09-20T17:49:27
,,,,,,,,,,,,,application_1726669773678_0081,2024-09-20T17:49:29
,,,,,,,,,,,,,application_1726669773678_0081,2024-09-20T17:49:32
,,,,,,,,,,,,,application_1726669773678_0081,2024-09-20T17:49:34
,,,,,,,,,,,,,application_1726669773678_0081,2024-09-20T17:49:36
,,,,,,,,,,,,,application_1726669773678_0081,2024-09-20T17:49:38
,,,,,,,,,,,,,application_1726669773678_0081,2024-09-20T17:49:40
,,,,,,,,,,,,,application_1726669773678_0081,2024-09-20T17:49:42
,,,,,,,,,,,,,application_1726669773678_0081,2024-09-20T17:49:44
,,,,,,,,,,,,,application_1726669773678_0081,2024-09-20T17:49:46
,,,,,,,,,,,,,application_1726669773678_0081,2024-09-20T17:49:48
,,,,,,,,,,,,,application_1726669773678_0082,2024-09-20T17:51:04
,,,,,,,,,,,,,application_1726669773678_0082,2024-09-20T17:51:06
,,,,,,,,,,,,,application_1726669773678_0082,2024-09-20T17:51:08
,,,,,,,,,,,,,application_1726669773678_0082,2024-09-20T17:51:10
,,,,,,,,,,,,,application_1726669773678_0082,2024-09-20T17:51:12
,,,,,,,,,,,,,application_1726669773678_0082,2024-09-20T17:51:14
,,,,,,,,,,,,,application_1726669773678_0082,2024-09-20T17:51:16
,,,,,,,,,,,,,application_1726669773678_0082,2024-09-20T17:51:18
,,,,,,,,,,,,,application_1726669773678_0082,2024-09-20T17:51:20
,,,,,,,,,,,,,application_1726669773678_0082,2024-09-20T17:51:22
,,,,,,,,,,,,,application_1726669773678_0082,2024-09-20T17:51:24
,,,,,,,,,,,,,application_1726669773678_0082,2024-09-20T17:51:26
,,,,,,,,,,,,,application_1726669773678_0082,2024-09-20T17:51:28
,,,,,,,,,,,,,application_1726669773678_0082,2024-09-20T17:51:30
,,,,,,,,,,,,,application_1726669773678_0082,2024-09-20T17:51:32
,,,,,,,,,,,,,application_1726669773678_0082,2024-09-20T17:51:34
,,,,,,,,,,,,,application_1726669773678_0082,2024-09-20T17:51:36
,,,,,,,,,,,,,application_1726669773678_0082,2024-09-20T17:51:39
,,,,,,,,,,,,,application_1726669773678_0082,2024-09-20T17:51:41
,,,,,,,,,,,,,application_1726669773678_0082,2024-09-20T17:51:43
,,,,,,,,,,,,,application_1726669773678_0082,2024-09-20T17:51:45
,,,,,,,,,,,,,application_1726669773678_0082,2024-09-20T17:51:47
,,,,,,,,,,,,,application_1726669773678_0082,2024-09-20T17:51:49
,,,,,,,,,,,,,application_1726669773678_0082,2024-09-20T17:51:51
,,,,,,,,,,,,,application_1726669773678_0082,2024-09-20T17:51:53
,,,,,,,,,,,,,application_1726669773678_0083,2024-09-20T17:53:07
,,,,,,,,,,,,,application_1726669773678_0083,2024-09-20T17:53:09
,,,,,,,,,,,,,application_1726669773678_0083,2024-09-20T17:53:11
,,,,,,,,,,,,,application_1726669773678_0083,2024-09-20T17:53:13
,,,,,,,,,,,,,application_1726669773678_0083,2024-09-20T17:53:15
,,,,,,,,,,,,,application_1726669773678_0083,2024-09-20T17:53:17
,,,,,,,,,,,,,application_1726669773678_0083,2024-09-20T17:53:19
,,,,,,,,,,,,,application_1726669773678_0083,2024-09-20T17:53:21
,,,,,,,,,,,,,application_1726669773678_0083,2024-09-20T17:53:23
,,,,,,,,,,,,,application_1726669773678_0083,2024-09-20T17:53:25
,,,,,,,,,,,,,application_1726669773678_0083,2024-09-20T17:53:27
,,,,,,,,,,,,,application_1726669773678_0083,2024-09-20T17:53:29
,,,,,,,,,,,,,application_1726669773678_0083,2024-09-20T17:53:31
,,,,,,,,,,,,,application_1726669773678_0083,2024-09-20T17:53:33
,,,,,,,,,,,,,application_1726669773678_0083,2024-09-20T17:53:35
,,,,,,,,,,,,,application_1726669773678_0083,2024-09-20T17:53:37
,,,,,,,,,,,,,application_1726669773678_0083,2024-09-20T17:53:39
,,,,,,,,,,,,,application_1726669773678_0083,2024-09-20T17:53:41
,,,,,,,,,,,,,application_1726669773678_0083,2024-09-20T17:53:43
,,,,,,,,,,,,,application_1726669773678_0083,2024-09-20T17:53:45
,,,,,,,,,,,,,application_1726669773678_0083,2024-09-20T17:53:47
,,,,,,,,,,,,,application_1726669773678_0083,2024-09-20T17:53:50
,,,,,,,,,,,,,application_1726669773678_0083,2024-09-20T17:53:52
,,,,,,,,,,,,,application_1726669773678_0083,2024-09-20T17:53:54
,,,,,,,,,,,,,application_1726669773678_0083,2024-09-20T17:53:56
,,,,,,,,,,,,,application_1726669773678_0083,2024-09-20T17:53:58
,,,,,,,,,,,,,application_1726669773678_0083,2024-09-20T17:54:00
,,,,,,,,,,,,,application_1726669773678_0083,2024-09-20T17:54:02
,,,,,,,,,,,,,application_1726669773678_0083,2024-09-20T17:54:04
,,,,,,,,,,,,,application_1726669773678_0083,2024-09-20T17:54:06
,,,,,,,,,,,,,application_1726669773678_0083,2024-09-20T17:54:08
,,,,,,,,,,,,,application_1726669773678_0084,2024-09-20T17:55:22
,,,,,,,,,,,,,application_1726669773678_0084,2024-09-20T17:55:24
,,,,,,,,,,,,,application_1726669773678_0084,2024-09-20T17:55:26
,,,,,,,,,,,,,application_1726669773678_0084,2024-09-20T17:55:28
,,,,,,,,,,,,,application_1726669773678_0084,2024-09-20T17:55:30
,,,,,,,,,,,,,application_1726669773678_0084,2024-09-20T17:55:32
,,,,,,,,,,,,,application_1726669773678_0084,2024-09-20T17:55:34
,,,,,,,,,,,,,application_1726669773678_0084,2024-09-20T17:55:36
,,,,,,,,,,,,,application_1726669773678_0084,2024-09-20T17:55:38
,,,,,,,,,,,,,application_1726669773678_0084,2024-09-20T17:55:40
,,,,,,,,,,,,,application_1726669773678_0084,2024-09-20T17:55:42
,,,,,,,,,,,,,application_1726669773678_0084,2024-09-20T17:55:44
,,,,,,,,,,,,,application_1726669773678_0084,2024-09-20T17:55:46
,,,,,,,,,,,,,application_1726669773678_0084,2024-09-20T17:55:48
,,,,,,,,,,,,,application_1726669773678_0084,2024-09-20T17:55:50
,,,,,,,,,,,,,application_1726669773678_0084,2024-09-20T17:55:53
,,,,,,,,,,,,,application_1726669773678_0084,2024-09-20T17:55:55
,,,,,,,,,,,,,application_1726669773678_0084,2024-09-20T17:55:57
,,,,,,,,,,,,,application_1726669773678_0084,2024-09-20T17:55:59
,,,,,,,,,,,,,application_1726669773678_0084,2024-09-20T17:56:01
,,,,,,,,,,,,,application_1726669773678_0084,2024-09-20T17:56:03
,,,,,,,,,,,,,application_1726669773678_0084,2024-09-20T17:56:05
,,,,,,,,,,,,,application_1726669773678_0084,2024-09-20T17:56:07
,,,,,,,,,,,,,application_1726669773678_0084,2024-09-20T17:56:09
,,,,,,,,,,,,,application_1726669773678_0084,2024-09-20T17:56:11
,,,,,,,,,,,,,application_1726669773678_0084,2024-09-20T17:56:13
,,,,,,,,,,,,,application_1726669773678_0084,2024-09-20T17:56:15
,,,,,,,,,,,,,application_1726669773678_0084,2024-09-20T17:56:17
,,,,,,,,,,,,,application_1726669773678_0084,2024-09-20T17:56:19
,,,,,,,,,,,,,application_1726669773678_0085,2024-09-20T17:57:35
,,,,,,,,,,,,,application_1726669773678_0085,2024-09-20T17:57:37
,,,,,,,,,,,,,application_1726669773678_0085,2024-09-20T17:57:39
,,,,,,,,,,,,,application_1726669773678_0085,2024-09-20T17:57:41
,,,,,,,,,,,,,application_1726669773678_0085,2024-09-20T17:57:43
,,,,,,,,,,,,,application_1726669773678_0085,2024-09-20T17:57:45
,,,,,,,,,,,,,application_1726669773678_0085,2024-09-20T17:57:47
,,,,,,,,,,,,,application_1726669773678_0085,2024-09-20T17:57:49
,,,,,,,,,,,,,application_1726669773678_0085,2024-09-20T17:57:51
,,,,,,,,,,,,,application_1726669773678_0085,2024-09-20T17:57:53
,,,,,,,,,,,,,application_1726669773678_0085,2024-09-20T17:57:55
,,,,,,,,,,,,,application_1726669773678_0085,2024-09-20T17:57:58
,,,,,,,,,,,,,application_1726669773678_0085,2024-09-20T17:58:00
,,,,,,,,,,,,,application_1726669773678_0085,2024-09-20T17:58:02
,,,,,,,,,,,,,application_1726669773678_0085,2024-09-20T17:58:04
,,,,,,,,,,,,,application_1726669773678_0085,2024-09-20T17:58:06
,,,,,,,,,,,,,application_1726669773678_0085,2024-09-20T17:58:08
,,,,,,,,,,,,,application_1726669773678_0085,2024-09-20T17:58:10
,,,,,,,,,,,,,application_1726669773678_0085,2024-09-20T17:58:12
,,,,,,,,,,,,,application_1726669773678_0085,2024-09-20T17:58:14
,,,,,,,,,,,,,application_1726669773678_0085,2024-09-20T17:58:16
,,,,,,,,,,,,,application_1726669773678_0085,2024-09-20T17:58:18
,,,,,,,,,,,,,application_1726669773678_0085,2024-09-20T17:58:20
,,,,,,,,,,,,,application_1726669773678_0085,2024-09-20T17:58:22
,,,,,,,,,,,,,application_1726669773678_0085,2024-09-20T17:58:24
,,,,,,,,,,,,,application_1726669773678_0085,2024-09-20T17:58:26
,,,,,,,,,,,,,application_1726669773678_0085,2024-09-20T17:58:28
,,,,,,,,,,,,,application_1726669773678_0085,2024-09-20T17:58:30
,,,,,,,,,,,,,application_1726669773678_0086,2024-09-20T17:59:46
,,,,,,,,,,,,,application_1726669773678_0086,2024-09-20T17:59:48
,,,,,,,,,,,,,application_1726669773678_0086,2024-09-20T17:59:50
,,,,,,,,,,,,,application_1726669773678_0086,2024-09-20T17:59:52
,,,,,,,,,,,,,application_1726669773678_0086,2024-09-20T17:59:54
,,,,,,,,,,,,,application_1726669773678_0086,2024-09-20T17:59:56
,,,,,,,,,,,,,application_1726669773678_0086,2024-09-20T17:59:58
,,,,,,,,,,,,,application_1726669773678_0086,2024-09-20T18:00:00
,,,,,,,,,,,,,application_1726669773678_0086,2024-09-20T18:00:02
,,,,,,,,,,,,,application_1726669773678_0086,2024-09-20T18:00:05
,,,,,,,,,,,,,application_1726669773678_0086,2024-09-20T18:00:07
,,,,,,,,,,,,,application_1726669773678_0086,2024-09-20T18:00:09
,,,,,,,,,,,,,application_1726669773678_0086,2024-09-20T18:00:11
,,,,,,,,,,,,,application_1726669773678_0086,2024-09-20T18:00:13
,,,,,,,,,,,,,application_1726669773678_0086,2024-09-20T18:00:15
,,,,,,,,,,,,,application_1726669773678_0086,2024-09-20T18:00:17
,,,,,,,,,,,,,application_1726669773678_0086,2024-09-20T18:00:19
,,,,,,,,,,,,,application_1726669773678_0086,2024-09-20T18:00:21
,,,,,,,,,,,,,application_1726669773678_0086,2024-09-20T18:00:23
,,,,,,,,,,,,,application_1726669773678_0086,2024-09-20T18:00:25
,,,,,,,,,,,,,application_1726669773678_0086,2024-09-20T18:00:27
,,,,,,,,,,,,,application_1726669773678_0086,2024-09-20T18:00:29
,,,,,,,,,,,,,application_1726669773678_0086,2024-09-20T18:00:31
,,,,,,,,,,,,,application_1726669773678_0086,2024-09-20T18:00:33
,,,,,,,,,,,,,application_1726669773678_0086,2024-09-20T18:00:35
,,,,,,,,,,,,,application_1726669773678_0086,2024-09-20T18:00:37
,,,,,,,,,,,,,application_1726669773678_0086,2024-09-20T18:00:39
,,,,,,,,,,,,,application_1726669773678_0086,2024-09-20T18:00:41
,,,,,,,,,,,,,application_1726669773678_0086,2024-09-20T18:00:43
,,,,,,,,,,,,,application_1726669773678_0087,2024-09-20T18:02:01
,,,,,,,,,,,,,application_1726669773678_0087,2024-09-20T18:02:03
,,,,,,,,,,,,,application_1726669773678_0087,2024-09-20T18:02:05
,,,,,,,,,,,,,application_1726669773678_0087,2024-09-20T18:02:07
,,,,,,,,,,,,,application_1726669773678_0087,2024-09-20T18:02:09
,,,,,,,,,,,,,application_1726669773678_0087,2024-09-20T18:02:11
,,,,,,,,,,,,,application_1726669773678_0087,2024-09-20T18:02:14
,,,,,,,,,,,,,application_1726669773678_0087,2024-09-20T18:02:16
,,,,,,,,,,,,,application_1726669773678_0087,2024-09-20T18:02:18
,,,,,,,,,,,,,application_1726669773678_0087,2024-09-20T18:02:20
,,,,,,,,,,,,,application_1726669773678_0087,2024-09-20T18:02:22
,,,,,,,,,,,,,application_1726669773678_0087,2024-09-20T18:02:24
,,,,,,,,,,,,,application_1726669773678_0087,2024-09-20T18:02:26
,,,,,,,,,,,,,application_1726669773678_0087,2024-09-20T18:02:28
,,,,,,,,,,,,,application_1726669773678_0087,2024-09-20T18:02:30
,,,,,,,,,,,,,application_1726669773678_0087,2024-09-20T18:02:32
,,,,,,,,,,,,,application_1726669773678_0087,2024-09-20T18:02:34
,,,,,,,,,,,,,application_1726669773678_0087,2024-09-20T18:02:36
,,,,,,,,,,,,,application_1726669773678_0087,2024-09-20T18:02:38
,,,,,,,,,,,,,application_1726669773678_0087,2024-09-20T18:02:40
,,,,,,,,,,,,,application_1726669773678_0087,2024-09-20T18:02:42
,,,,,,,,,,,,,application_1726669773678_0087,2024-09-20T18:02:44
,,,,,,,,,,,,,application_1726669773678_0087,2024-09-20T18:02:46
,,,,,,,,,,,,,application_1726669773678_0087,2024-09-20T18:02:48
,,,,,,,,,,,,,application_1726669773678_0087,2024-09-20T18:02:50
,,,,,,,,,,,,,application_1726669773678_0087,2024-09-20T18:02:52
,,,,,,,,,,,,,application_1726669773678_0087,2024-09-20T18:02:54
,,,,,,,,,,,,,application_1726669773678_0087,2024-09-20T18:02:56
,,,,,,,,,,,,,application_1726669773678_0088,2024-09-20T18:04:10
,,,,,,,,,,,,,application_1726669773678_0088,2024-09-20T18:04:12
,,,,,,,,,,,,,application_1726669773678_0088,2024-09-20T18:04:14
,,,,,,,,,,,,,application_1726669773678_0088,2024-09-20T18:04:16
,,,,,,,,,,,,,application_1726669773678_0088,2024-09-20T18:04:19
,,,,,,,,,,,,,application_1726669773678_0088,2024-09-20T18:04:21
,,,,,,,,,,,,,application_1726669773678_0088,2024-09-20T18:04:23
,,,,,,,,,,,,,application_1726669773678_0088,2024-09-20T18:04:25
,,,,,,,,,,,,,application_1726669773678_0088,2024-09-20T18:04:27
,,,,,,,,,,,,,application_1726669773678_0088,2024-09-20T18:04:29
,,,,,,,,,,,,,application_1726669773678_0088,2024-09-20T18:04:31
,,,,,,,,,,,,,application_1726669773678_0088,2024-09-20T18:04:33
,,,,,,,,,,,,,application_1726669773678_0088,2024-09-20T18:04:35
,,,,,,,,,,,,,application_1726669773678_0088,2024-09-20T18:04:37
,,,,,,,,,,,,,application_1726669773678_0088,2024-09-20T18:04:39
,,,,,,,,,,,,,application_1726669773678_0088,2024-09-20T18:04:41
,,,,,,,,,,,,,application_1726669773678_0088,2024-09-20T18:04:43
,,,,,,,,,,,,,application_1726669773678_0088,2024-09-20T18:04:45
,,,,,,,,,,,,,application_1726669773678_0088,2024-09-20T18:04:47
,,,,,,,,,,,,,application_1726669773678_0088,2024-09-20T18:04:49
,,,,,,,,,,,,,application_1726669773678_0088,2024-09-20T18:04:51
,,,,,,,,,,,,,application_1726669773678_0088,2024-09-20T18:04:53
,,,,,,,,,,,,,application_1726669773678_0088,2024-09-20T18:04:55
,,,,,,,,,,,,,application_1726669773678_0088,2024-09-20T18:04:57
,,,,,,,,,,,,,application_1726669773678_0088,2024-09-20T18:04:59
,,,,,,,,,,,,,application_1726669773678_0088,2024-09-20T18:05:01
,,,,,,,,,,,,,application_1726669773678_0088,2024-09-20T18:05:03
,,,,,,,,,,,,,application_1726669773678_0089,2024-09-20T18:06:18
,,,,,,,,,,,,,application_1726669773678_0089,2024-09-20T18:06:20
,,,,,,,,,,,,,application_1726669773678_0089,2024-09-20T18:06:22
,,,,,,,,,,,,,application_1726669773678_0089,2024-09-20T18:06:24
,,,,,,,,,,,,,application_1726669773678_0089,2024-09-20T18:06:26
,,,,,,,,,,,,,application_1726669773678_0089,2024-09-20T18:06:28
,,,,,,,,,,,,,application_1726669773678_0089,2024-09-20T18:06:30
,,,,,,,,,,,,,application_1726669773678_0089,2024-09-20T18:06:32
,,,,,,,,,,,,,application_1726669773678_0089,2024-09-20T18:06:34
,,,,,,,,,,,,,application_1726669773678_0089,2024-09-20T18:06:36
,,,,,,,,,,,,,application_1726669773678_0089,2024-09-20T18:06:38
,,,,,,,,,,,,,application_1726669773678_0089,2024-09-20T18:06:40
,,,,,,,,,,,,,application_1726669773678_0089,2024-09-20T18:06:42
,,,,,,,,,,,,,application_1726669773678_0089,2024-09-20T18:06:44
,,,,,,,,,,,,,application_1726669773678_0089,2024-09-20T18:06:46
,,,,,,,,,,,,,application_1726669773678_0089,2024-09-20T18:06:48
,,,,,,,,,,,,,application_1726669773678_0089,2024-09-20T18:06:50
,,,,,,,,,,,,,application_1726669773678_0089,2024-09-20T18:06:52
,,,,,,,,,,,,,application_1726669773678_0089,2024-09-20T18:06:54
,,,,,,,,,,,,,application_1726669773678_0089,2024-09-20T18:06:56
,,,,,,,,,,,,,application_1726669773678_0089,2024-09-20T18:06:58
,,,,,,,,,,,,,application_1726669773678_0089,2024-09-20T18:07:00
,,,,,,,,,,,,,application_1726669773678_0089,2024-09-20T18:07:02
,,,,,,,,,,,,,application_1726669773678_0089,2024-09-20T18:07:04
,,,,,,,,,,,,,application_1726669773678_0089,2024-09-20T18:07:06
,,,,,,,,,,,,,application_1726669773678_0089,2024-09-20T18:07:08
